episode,return,steps,epsilon,end_reason,states_visited
1,-222.14,600,1.0,timeout,13
2,-78.83,600,0.9995,timeout,16
3,-84.81,600,0.9989,timeout,16
4,-51.7,600,0.9984,timeout,21
5,-459.53,600,0.9978,timeout,24
6,-135.23,403,0.9973,enemy,26
7,-46.24,600,0.9967,timeout,27
8,-525.38,600,0.9962,timeout,53
9,-229.59,600,0.9956,timeout,53
10,-58.75,600,0.9951,timeout,53
11,-64.01,600,0.9946,timeout,53
12,-83.79,600,0.994,timeout,53
13,-136.93,600,0.9935,timeout,53
14,-100.04,600,0.9929,timeout,53
15,-206.6,600,0.9924,timeout,53
16,-61.23,600,0.9918,timeout,54
17,-58.9,600,0.9913,timeout,57
18,-186.6,600,0.9907,timeout,57
19,-61.22,600,0.9902,timeout,59
20,-227.43,467,0.9897,enemy,65
21,-82.52,600,0.9891,timeout,65
22,-82.21,600,0.9886,timeout,65
23,-54.17,600,0.988,timeout,65
24,-169.86,600,0.9875,timeout,65
25,-210.72,600,0.9869,timeout,73
26,-88.77,600,0.9864,timeout,73
27,-60.14,600,0.9858,timeout,74
28,-127.3,600,0.9853,timeout,74
29,-80.32,600,0.9848,timeout,74
30,-68.91,600,0.9842,timeout,74
31,-57.52,600,0.9837,timeout,74
32,-66.4,600,0.9831,timeout,74
33,-51.97,600,0.9826,timeout,74
34,-83.56,600,0.982,timeout,74
35,-84.53,600,0.9815,timeout,74
36,-85.79,600,0.9809,timeout,74
37,-271.71,600,0.9804,timeout,74
38,-84.94,600,0.9799,timeout,74
39,-73.14,600,0.9793,timeout,74
40,-87.52,600,0.9788,timeout,74
41,-86.24,600,0.9782,timeout,74
42,-87.46,600,0.9777,timeout,74
43,-87.55,600,0.9771,timeout,74
44,-84.51,600,0.9766,timeout,74
45,-80.27,600,0.976,timeout,74
46,-85.57,600,0.9755,timeout,74
47,-477.09,600,0.975,timeout,74
48,-40.01,600,0.9744,timeout,76
49,-593.27,600,0.9739,timeout,76
50,-766.34,600,0.9733,timeout,88
51,-83.57,600,0.9728,timeout,88
52,-72.34,600,0.9722,timeout,88
53,-86.94,600,0.9717,timeout,88
54,-86.22,600,0.9711,timeout,88
55,-729.64,600,0.9706,timeout,90
56,-82.0,600,0.9701,timeout,90
57,-87.41,600,0.9695,timeout,90
58,-325.21,600,0.969,timeout,90
59,-86.6,600,0.9684,timeout,90
60,-85.14,600,0.9679,timeout,90
61,-83.59,600,0.9673,timeout,90
62,-87.51,600,0.9668,timeout,90
63,-323.18,600,0.9662,timeout,90
64,-104.57,600,0.9657,timeout,90
65,-78.56,600,0.9652,timeout,90
66,-87.75,600,0.9646,timeout,90
67,-86.09,600,0.9641,timeout,90
68,-82.13,600,0.9635,timeout,90
69,-80.17,600,0.963,timeout,90
70,-49.66,600,0.9624,timeout,90
71,-124.99,600,0.9619,timeout,90
72,-79.97,600,0.9613,timeout,90
73,-112.53,600,0.9608,timeout,90
74,-62.33,600,0.9603,timeout,90
75,-84.02,600,0.9597,timeout,90
76,-58.57,600,0.9592,timeout,90
77,-52.84,600,0.9586,timeout,90
78,-103.11,600,0.9581,timeout,90
79,-85.45,600,0.9575,timeout,90
80,-120.61,600,0.957,timeout,90
81,-55.59,600,0.9564,timeout,90
82,-37.34,600,0.9559,timeout,111
83,-171.61,600,0.9554,timeout,111
84,-612.31,600,0.9548,timeout,123
85,-53.34,600,0.9543,timeout,123
86,-73.4,600,0.9537,timeout,123
87,-49.66,600,0.9532,timeout,123
88,-298.89,600,0.9526,timeout,123
89,-302.07,600,0.9521,timeout,123
90,-187.44,600,0.9515,timeout,123
91,-51.42,600,0.951,timeout,123
92,-217.55,600,0.9505,timeout,123
93,-87.0,600,0.9499,timeout,123
94,-58.03,600,0.9494,timeout,123
95,-83.6,600,0.9488,timeout,123
96,-85.65,600,0.9483,timeout,123
97,-112.5,566,0.9477,enemy,126
98,-56.73,600,0.9472,timeout,126
99,-42.71,600,0.9466,timeout,126
100,-767.04,600,0.9461,timeout,137
101,-63.57,600,0.9456,timeout,137
102,-86.23,600,0.945,timeout,137
103,-72.35,600,0.9445,timeout,137
104,-131.84,571,0.9439,enemy,147
105,-52.62,600,0.9434,timeout,147
106,-61.94,600,0.9428,timeout,147
107,-83.01,600,0.9423,timeout,147
108,-235.31,600,0.9417,timeout,147
109,-115.09,600,0.9412,timeout,147
110,-61.39,600,0.9407,timeout,147
111,-85.16,600,0.9401,timeout,147
112,-482.72,600,0.9396,timeout,147
113,-64.56,600,0.939,timeout,147
114,-641.74,600,0.9385,timeout,148
115,-84.02,600,0.9379,timeout,148
116,-31.61,600,0.9374,timeout,148
117,-90.24,303,0.9368,enemy,148
118,-94.87,600,0.9363,timeout,148
119,-74.79,600,0.9358,timeout,148
120,-87.6,600,0.9352,timeout,148
121,-81.94,600,0.9347,timeout,148
122,-35.37,600,0.9341,timeout,148
123,-52.48,600,0.9336,timeout,148
124,-57.14,600,0.933,timeout,148
125,-87.59,600,0.9325,timeout,148
126,-60.9,600,0.9319,timeout,148
127,-59.88,600,0.9314,timeout,148
128,-37.85,600,0.9309,timeout,148
129,-133.04,487,0.9303,enemy,148
130,-224.49,600,0.9298,timeout,148
131,-56.4,600,0.9292,timeout,148
132,-143.95,600,0.9287,timeout,148
133,-85.45,600,0.9281,timeout,148
134,-209.16,600,0.9276,timeout,148
135,-470.86,600,0.927,timeout,148
136,-80.17,600,0.9265,timeout,148
137,-86.17,600,0.926,timeout,148
138,-71.71,600,0.9254,timeout,148
139,-61.29,600,0.9249,timeout,148
140,-120.4,307,0.9243,enemy,149
141,-268.25,600,0.9238,timeout,149
142,-105.64,475,0.9232,enemy,149
143,-87.27,600,0.9227,timeout,149
144,-86.88,600,0.9221,timeout,149
145,-74.33,600,0.9216,timeout,149
146,-109.76,600,0.9211,timeout,149
147,-85.07,600,0.9205,timeout,149
148,-111.48,583,0.92,enemy,155
149,-85.32,600,0.9194,timeout,155
150,-120.01,600,0.9189,timeout,157
151,-614.68,600,0.9183,timeout,157
152,-158.33,600,0.9178,timeout,157
153,-138.7,394,0.9172,enemy,160
154,-87.11,600,0.9167,timeout,160
155,-47.61,600,0.9162,timeout,160
156,-51.0,600,0.9156,timeout,160
157,-395.45,600,0.9151,timeout,161
158,-86.77,600,0.9145,timeout,161
159,-88.21,600,0.914,timeout,161
160,-175.21,582,0.9134,enemy,170
161,-32.46,600,0.9129,timeout,170
162,-37.27,600,0.9123,timeout,170
163,-73.11,600,0.9118,timeout,170
164,-74.45,600,0.9113,timeout,170
165,-379.47,600,0.9107,timeout,173
166,-52.62,600,0.9102,timeout,173
167,-70.68,600,0.9096,timeout,173
168,-79.19,600,0.9091,timeout,173
169,-52.67,600,0.9085,timeout,173
170,-81.14,600,0.908,timeout,173
171,-37.87,600,0.9074,timeout,173
172,-85.47,600,0.9069,timeout,173
173,-56.18,600,0.9064,timeout,173
174,-76.06,600,0.9058,timeout,173
175,-74.19,600,0.9053,timeout,173
176,-104.24,537,0.9047,enemy,173
177,-452.56,600,0.9042,timeout,173
178,-91.16,381,0.9036,enemy,176
179,-85.7,600,0.9031,timeout,176
180,-35.11,600,0.9025,timeout,176
181,-87.4,600,0.902,timeout,176
182,-58.33,600,0.9015,timeout,176
183,-87.35,600,0.9009,timeout,176
184,-83.72,600,0.9004,timeout,176
185,-538.95,600,0.8998,timeout,189
186,-61.53,600,0.8993,timeout,189
187,-256.42,600,0.8987,timeout,189
188,-86.15,600,0.8982,timeout,189
189,-78.14,600,0.8976,timeout,189
190,-145.64,425,0.8971,enemy,189
191,-326.58,600,0.8966,timeout,189
192,-86.48,345,0.896,enemy,190
193,-58.96,600,0.8955,timeout,190
194,-86.95,600,0.8949,timeout,190
195,-54.35,600,0.8944,timeout,190
196,-76.67,600,0.8938,timeout,190
197,-85.52,600,0.8933,timeout,190
198,-291.85,600,0.8927,timeout,190
199,-81.87,600,0.8922,timeout,190
200,-456.96,600,0.8917,timeout,190
201,-110.9,600,0.8911,timeout,190
202,-54.89,600,0.8906,timeout,190
203,-44.26,600,0.89,timeout,195
204,-86.15,600,0.8895,timeout,195
205,-211.36,568,0.8889,enemy,196
206,-83.82,600,0.8884,timeout,196
207,-60.58,600,0.8878,timeout,196
208,-530.45,600,0.8873,timeout,196
209,-35.57,600,0.8868,timeout,196
210,-33.83,600,0.8862,timeout,196
211,-85.65,600,0.8857,timeout,196
212,-40.01,600,0.8851,timeout,196
213,-28.66,600,0.8846,timeout,198
214,-95.88,600,0.884,timeout,198
215,-64.92,600,0.8835,timeout,198
216,-68.36,600,0.8829,timeout,198
217,-40.27,600,0.8824,timeout,198
218,-47.76,600,0.8819,timeout,200
219,-308.74,461,0.8813,enemy,200
220,-70.35,600,0.8808,timeout,200
221,-88.4,600,0.8802,timeout,200
222,-33.87,600,0.8797,timeout,200
223,-341.29,600,0.8791,timeout,200
224,-91.22,600,0.8786,timeout,200
225,-218.24,600,0.878,timeout,200
226,-87.01,600,0.8775,timeout,200
227,-32.51,600,0.877,timeout,200
228,-80.13,600,0.8764,timeout,200
229,-63.25,600,0.8759,timeout,200
230,-37.25,600,0.8753,timeout,200
231,-81.97,600,0.8748,timeout,200
232,-58.95,600,0.8742,timeout,200
233,-73.92,600,0.8737,timeout,200
234,-109.93,491,0.8731,enemy,201
235,-129.76,593,0.8726,enemy,202
236,-516.58,600,0.8721,timeout,202
237,-207.47,556,0.8715,enemy,202
238,-86.15,600,0.871,timeout,202
239,-109.46,573,0.8704,enemy,202
240,-87.58,600,0.8699,timeout,202
241,-165.91,600,0.8693,timeout,202
242,-105.81,549,0.8688,enemy,202
243,-68.14,600,0.8682,timeout,202
244,-79.94,600,0.8677,timeout,202
245,-138.73,307,0.8672,enemy,206
246,-270.73,600,0.8666,timeout,207
247,-81.96,600,0.8661,timeout,207
248,-829.19,600,0.8655,timeout,207
249,-79.94,600,0.865,timeout,207
250,-69.41,600,0.8644,timeout,208
251,-347.77,600,0.8639,timeout,208
252,-33.5,600,0.8633,timeout,208
253,-84.53,229,0.8628,enemy,208
254,-115.05,589,0.8623,enemy,226
255,-83.59,600,0.8617,timeout,226
256,-83.64,600,0.8612,timeout,226
257,-113.02,581,0.8606,enemy,226
258,-378.2,600,0.8601,timeout,226
259,-79.94,600,0.8595,timeout,226
260,-68.57,600,0.859,timeout,226
261,-82.17,600,0.8584,timeout,226
262,-62.08,600,0.8579,timeout,226
263,-85.21,600,0.8574,timeout,226
264,-86.15,600,0.8568,timeout,226
265,-110.12,571,0.8563,enemy,230
266,-80.65,600,0.8557,timeout,230
267,-714.76,600,0.8552,timeout,230
268,-149.01,457,0.8546,enemy,230
269,-520.31,600,0.8541,timeout,230
270,-26.41,600,0.8535,timeout,230
271,-559.39,600,0.853,timeout,230
272,-109.91,567,0.8525,enemy,230
273,-55.57,600,0.8519,timeout,230
274,-136.44,600,0.8514,timeout,230
275,-84.74,238,0.8508,enemy,230
276,-106.7,541,0.8503,enemy,231
277,-69.86,600,0.8497,timeout,231
278,-87.41,600,0.8492,timeout,231
279,-159.03,493,0.8486,enemy,234
280,-315.94,600,0.8481,timeout,234
281,-91.37,600,0.8476,timeout,235
282,-354.51,600,0.847,timeout,237
283,-94.69,600,0.8465,timeout,237
284,-114.04,573,0.8459,enemy,237
285,-143.79,478,0.8454,enemy,237
286,-71.58,600,0.8448,timeout,237
287,-76.98,240,0.8443,enemy,237
288,-95.36,408,0.8437,enemy,237
289,-86.16,308,0.8432,enemy,237
290,-191.14,600,0.8427,timeout,237
291,-79.98,600,0.8421,timeout,237
292,-62.36,600,0.8416,timeout,237
293,-92.78,600,0.841,timeout,237
294,-84.98,600,0.8405,timeout,237
295,-86.18,600,0.8399,timeout,237
296,-31.35,600,0.8394,timeout,237
297,-87.49,600,0.8388,timeout,237
298,-81.41,600,0.8383,timeout,237
299,-87.53,600,0.8378,timeout,237
300,-69.72,600,0.8372,timeout,237
301,-83.7,600,0.8367,timeout,237
302,-352.18,600,0.8361,timeout,237
303,-86.38,600,0.8356,timeout,237
304,-87.85,600,0.835,timeout,237
305,-81.97,600,0.8345,timeout,237
306,-85.59,357,0.8339,enemy,237
307,-407.2,600,0.8334,timeout,237
308,-372.98,600,0.8329,timeout,237
309,-150.05,600,0.8323,timeout,237
310,-422.0,600,0.8318,timeout,237
311,-55.66,600,0.8312,timeout,237
312,-84.08,600,0.8307,timeout,237
313,-24.95,600,0.8301,timeout,237
314,-506.08,600,0.8296,timeout,237
315,-605.02,600,0.829,timeout,237
316,-80.44,600,0.8285,timeout,237
317,-74.07,600,0.828,timeout,237
318,-72.54,600,0.8274,timeout,237
319,-57.91,600,0.8269,timeout,237
320,-619.42,600,0.8263,timeout,237
321,-714.89,600,0.8258,timeout,237
322,-86.22,600,0.8252,timeout,237
323,-73.71,600,0.8247,timeout,237
324,-100.82,489,0.8241,enemy,237
325,-54.63,600,0.8236,timeout,237
326,-83.72,600,0.8231,timeout,237
327,-87.36,600,0.8225,timeout,237
328,-114.1,530,0.822,enemy,237
329,-86.09,600,0.8214,timeout,237
330,-109.59,564,0.8209,enemy,237
331,-79.97,600,0.8203,timeout,237
332,-82.05,600,0.8198,timeout,237
333,-87.94,600,0.8192,timeout,237
334,-87.6,356,0.8187,enemy,237
335,-379.04,600,0.8182,timeout,237
336,-58.38,600,0.8176,timeout,237
337,-82.14,600,0.8171,timeout,237
338,-107.76,554,0.8165,enemy,237
339,-87.6,600,0.816,timeout,237
340,-87.86,600,0.8154,timeout,237
341,-107.66,535,0.8149,enemy,237
342,-87.59,600,0.8143,timeout,237
343,-83.67,600,0.8138,timeout,237
344,-32.21,600,0.8133,timeout,237
345,-80.71,600,0.8127,timeout,237
346,-72.02,600,0.8122,timeout,237
347,-608.8,553,0.8116,enemy,237
348,-35.36,600,0.8111,timeout,237
349,-81.84,600,0.8105,timeout,237
350,-87.4,600,0.81,timeout,237
351,-67.4,600,0.8094,timeout,237
352,-87.55,600,0.8089,timeout,237
353,-34.91,600,0.8084,timeout,237
354,-85.09,600,0.8078,timeout,237
355,-26.24,600,0.8073,timeout,237
356,-87.6,600,0.8067,timeout,237
357,-81.86,600,0.8062,timeout,237
358,-31.96,600,0.8056,timeout,237
359,-87.46,600,0.8051,timeout,237
360,-74.82,600,0.8045,timeout,237
361,-92.29,309,0.804,enemy,237
362,-87.36,600,0.8035,timeout,237
363,-61.5,600,0.8029,timeout,237
364,-85.21,600,0.8024,timeout,237
365,-66.95,600,0.8018,timeout,237
366,-92.53,309,0.8013,enemy,237
367,-85.06,600,0.8007,timeout,237
368,-87.58,600,0.8002,timeout,237
369,-79.95,600,0.7996,timeout,237
370,-304.8,600,0.7991,timeout,237
371,-86.91,600,0.7986,timeout,237
372,-91.74,343,0.798,enemy,237
373,-32.66,600,0.7975,timeout,237
374,-87.23,600,0.7969,timeout,237
375,-52.48,600,0.7964,timeout,237
376,-85.13,600,0.7958,timeout,237
377,-91.62,388,0.7953,enemy,237
378,-79.97,600,0.7947,timeout,237
379,-129.13,258,0.7942,enemy,239
380,-85.16,600,0.7937,timeout,239
381,-501.68,600,0.7931,timeout,239
382,-604.29,600,0.7926,timeout,239
383,-87.52,600,0.792,timeout,239
384,-480.03,600,0.7915,timeout,239
385,-85.64,600,0.7909,timeout,239
386,-33.91,600,0.7904,timeout,239
387,-516.56,600,0.7898,timeout,239
388,-81.4,252,0.7893,enemy,239
389,-84.78,600,0.7888,timeout,239
390,-81.96,600,0.7882,timeout,239
391,-327.97,600,0.7877,timeout,239
392,-87.39,600,0.7871,timeout,239
393,-48.47,600,0.7866,timeout,239
394,-87.57,600,0.786,timeout,239
395,-85.05,600,0.7855,timeout,239
396,-85.09,600,0.7849,timeout,239
397,-87.38,600,0.7844,timeout,239
398,-79.99,600,0.7839,timeout,239
399,-79.97,600,0.7833,timeout,239
400,-82.07,600,0.7828,timeout,239
401,-82.07,600,0.7822,timeout,239
402,-87.42,600,0.7817,timeout,239
403,-139.88,405,0.7811,enemy,239
404,-70.01,600,0.7806,timeout,239
405,-79.98,600,0.78,timeout,239
406,-82.13,600,0.7795,timeout,239
407,-126.6,234,0.779,enemy,239
408,-947.74,600,0.7784,timeout,239
409,-74.01,231,0.7779,enemy,239
410,-98.11,466,0.7773,enemy,239
411,-83.35,600,0.7768,timeout,239
412,-456.98,600,0.7762,timeout,239
413,-95.32,411,0.7757,enemy,239
414,-24.49,600,0.7751,timeout,241
415,-74.93,219,0.7746,enemy,241
416,-86.9,600,0.7741,timeout,241
417,-152.29,600,0.7735,timeout,241
418,-87.01,600,0.773,timeout,241
419,-84.08,600,0.7724,timeout,241
420,-85.22,600,0.7719,timeout,241
421,-89.98,383,0.7713,enemy,241
422,-88.48,600,0.7708,timeout,241
423,-227.43,600,0.7702,timeout,241
424,-86.39,600,0.7697,timeout,241
425,-87.52,600,0.7692,timeout,241
426,-79.94,600,0.7686,timeout,241
427,-87.44,600,0.7681,timeout,241
428,-81.92,600,0.7675,timeout,241
429,-523.38,600,0.767,timeout,241
430,-85.0,600,0.7664,timeout,241
431,-80.26,600,0.7659,timeout,241
432,-79.94,600,0.7653,timeout,241
433,-433.36,600,0.7648,timeout,241
434,-85.01,600,0.7643,timeout,241
435,-417.36,600,0.7637,timeout,241
436,-86.22,600,0.7632,timeout,241
437,-87.51,600,0.7626,timeout,241
438,-44.87,600,0.7621,timeout,241
439,-150.46,433,0.7615,enemy,241
440,-87.54,600,0.761,timeout,241
441,-87.53,600,0.7604,timeout,241
442,-86.88,600,0.7599,timeout,241
443,-87.38,600,0.7594,timeout,241
444,-80.63,600,0.7588,timeout,241
445,-84.12,600,0.7583,timeout,241
446,-42.75,600,0.7577,timeout,241
447,-111.85,152,0.7572,enemy,241
448,-592.8,600,0.7566,timeout,241
449,-100.82,504,0.7561,enemy,241
450,-52.84,600,0.7555,timeout,241
451,-85.84,341,0.755,enemy,241
452,-693.43,573,0.7545,enemy,241
453,-259.7,600,0.7539,timeout,241
454,-87.38,600,0.7534,timeout,241
455,-163.2,582,0.7528,enemy,241
456,-86.15,600,0.7523,timeout,241
457,-92.37,600,0.7517,timeout,241
458,-107.94,541,0.7512,enemy,241
459,-97.39,473,0.7506,enemy,241
460,-33.97,600,0.7501,timeout,242
461,-83.82,600,0.7496,timeout,242
462,-82.57,600,0.749,timeout,242
463,-80.03,600,0.7485,timeout,242
464,-73.57,600,0.7479,timeout,242
465,-80.14,600,0.7474,timeout,242
466,-17.34,600,0.7468,timeout,242
467,-85.13,600,0.7463,timeout,242
468,-91.25,600,0.7457,timeout,242
469,-235.75,600,0.7452,timeout,242
470,-80.5,600,0.7447,timeout,242
471,-85.78,600,0.7441,timeout,242
472,-83.18,600,0.7436,timeout,242
473,-87.0,600,0.743,timeout,242
474,-79.94,600,0.7425,timeout,242
475,-82.92,600,0.7419,timeout,242
476,-51.37,600,0.7414,timeout,242
477,-87.13,389,0.7408,enemy,242
478,-80.06,600,0.7403,timeout,242
479,-65.59,600,0.7398,timeout,242
480,-87.44,600,0.7392,timeout,242
481,-25.71,600,0.7387,timeout,242
482,-79.94,600,0.7381,timeout,242
483,-107.24,563,0.7376,enemy,242
484,-145.02,482,0.737,enemy,242
485,-114.48,163,0.7365,enemy,242
486,-297.9,566,0.7359,enemy,242
487,-586.12,491,0.7354,enemy,242
488,-374.73,500,0.7349,enemy,242
489,-563.11,600,0.7343,timeout,242
490,-412.44,492,0.7338,enemy,242
491,-512.42,600,0.7332,timeout,242
492,-61.94,600,0.7327,timeout,242
493,-96.25,412,0.7321,enemy,242
494,-54.36,600,0.7316,timeout,242
495,-673.44,600,0.731,timeout,242
496,-304.35,600,0.7305,timeout,242
497,-87.24,600,0.73,timeout,242
498,-395.44,578,0.7294,enemy,242
499,-117.37,240,0.7289,enemy,242
500,-157.69,399,0.7283,enemy,242
501,-258.18,600,0.7278,timeout,242
502,-58.61,600,0.7272,timeout,242
503,-118.88,575,0.7267,enemy,242
504,-373.89,600,0.7261,timeout,242
505,225.89,600,0.7256,success,246
506,-85.83,348,0.7251,enemy,246
507,-72.05,600,0.7245,timeout,246
508,-81.86,600,0.724,timeout,246
509,-138.25,600,0.7234,timeout,246
510,-82.0,600,0.7229,timeout,246
511,-87.59,600,0.7223,timeout,246
512,-56.98,600,0.7218,timeout,246
513,-86.23,600,0.7212,timeout,246
514,-87.06,600,0.7207,timeout,246
515,-117.11,600,0.7202,timeout,246
516,-81.98,600,0.7196,timeout,246
517,-83.64,600,0.7191,timeout,246
518,-93.4,491,0.7185,enemy,246
519,-282.29,600,0.718,timeout,246
520,-359.26,541,0.7174,enemy,246
521,-72.98,225,0.7169,enemy,246
522,-85.24,600,0.7163,timeout,246
523,-479.54,600,0.7158,timeout,246
524,-76.2,236,0.7153,enemy,246
525,-435.91,551,0.7147,enemy,246
526,-83.7,600,0.7142,timeout,246
527,-85.05,600,0.7136,timeout,246
528,-70.31,600,0.7131,timeout,246
529,-87.37,600,0.7125,timeout,246
530,-87.53,600,0.712,timeout,246
531,-83.57,600,0.7114,timeout,246
532,-86.95,600,0.7109,timeout,246
533,-87.52,600,0.7104,timeout,246
534,-83.69,600,0.7098,timeout,246
535,-102.32,525,0.7093,enemy,246
536,-83.56,600,0.7087,timeout,246
537,-17.26,600,0.7082,timeout,246
538,-302.49,600,0.7076,timeout,246
539,-87.36,600,0.7071,timeout,246
540,-29.08,600,0.7065,timeout,246
541,-87.4,600,0.706,timeout,246
542,-87.42,600,0.7055,timeout,246
543,-79.94,600,0.7049,timeout,246
544,-31.76,600,0.7044,timeout,246
545,-79.87,286,0.7038,enemy,246
546,-282.9,407,0.7033,enemy,246
547,-402.44,394,0.7027,enemy,246
548,-83.94,600,0.7022,timeout,246
549,-485.8,578,0.7016,enemy,246
550,-329.22,600,0.7011,timeout,246
551,-186.7,507,0.7006,enemy,246
552,-83.64,600,0.7,timeout,246
553,-81.97,600,0.6995,timeout,246
554,-29.49,600,0.6989,timeout,246
555,-55.75,600,0.6984,timeout,246
556,-59.64,600,0.6978,timeout,246
557,-92.87,419,0.6973,enemy,246
558,-130.9,575,0.6967,enemy,246
559,-252.3,600,0.6962,timeout,246
560,-44.04,600,0.6957,timeout,246
561,-58.97,600,0.6951,timeout,246
562,-83.7,360,0.6946,enemy,246
563,-104.5,506,0.694,enemy,246
564,-97.62,472,0.6935,enemy,246
565,-310.22,600,0.6929,timeout,246
566,-35.79,600,0.6924,timeout,246
567,-86.92,600,0.6918,timeout,246
568,-86.95,600,0.6913,timeout,246
569,-85.35,600,0.6908,timeout,246
570,-87.44,600,0.6902,timeout,246
571,-79.97,600,0.6897,timeout,246
572,-295.22,530,0.6891,enemy,246
573,-86.94,600,0.6886,timeout,246
574,-79.94,600,0.688,timeout,246
575,-87.38,600,0.6875,timeout,246
576,-85.65,600,0.6869,timeout,246
577,-88.63,600,0.6864,timeout,246
578,-87.14,600,0.6859,timeout,246
579,-91.8,435,0.6853,enemy,246
580,-86.91,600,0.6848,timeout,246
581,-101.5,490,0.6842,enemy,246
582,-86.9,600,0.6837,timeout,246
583,-284.6,289,0.6831,enemy,246
584,-307.19,600,0.6826,timeout,246
585,-85.06,600,0.682,timeout,246
586,-86.11,600,0.6815,timeout,246
587,-33.86,600,0.681,timeout,246
588,-87.39,333,0.6804,enemy,246
589,-87.08,600,0.6799,timeout,246
590,-81.96,600,0.6793,timeout,246
591,-80.32,600,0.6788,timeout,246
592,-87.46,600,0.6782,timeout,246
593,-87.49,600,0.6777,timeout,246
594,-82.46,600,0.6771,timeout,246
595,-86.15,600,0.6766,timeout,246
596,-81.99,600,0.6761,timeout,246
597,-83.75,600,0.6755,timeout,246
598,-79.97,600,0.675,timeout,246
599,-82.17,600,0.6744,timeout,246
600,-82.17,600,0.6739,timeout,246
601,-79.99,600,0.6733,timeout,246
602,-86.36,600,0.6728,timeout,246
603,-85.17,600,0.6722,timeout,246
604,-112.79,565,0.6717,enemy,246
605,-82.0,600,0.6712,timeout,246
606,-81.99,600,0.6706,timeout,246
607,-86.88,600,0.6701,timeout,246
608,-113.16,576,0.6695,enemy,246
609,-87.52,600,0.669,timeout,246
610,-51.61,600,0.6684,timeout,246
611,-379.35,490,0.6679,enemy,246
612,-86.94,600,0.6673,timeout,246
613,-86.09,600,0.6668,timeout,246
614,-86.98,600,0.6663,timeout,246
615,-83.77,600,0.6657,timeout,246
616,-87.38,600,0.6652,timeout,246
617,-87.69,600,0.6646,timeout,246
618,-87.46,600,0.6641,timeout,246
619,-83.56,600,0.6635,timeout,246
620,-80.32,600,0.663,timeout,246
621,-84.98,600,0.6624,timeout,246
622,-79.94,600,0.6619,timeout,246
623,-84.98,600,0.6614,timeout,246
624,-91.89,484,0.6608,enemy,246
625,-83.77,600,0.6603,timeout,246
626,-313.07,600,0.6597,timeout,246
627,-403.53,600,0.6592,timeout,246
628,-78.22,600,0.6586,timeout,246
629,-354.9,600,0.6581,timeout,246
630,-70.97,211,0.6575,enemy,246
631,-50.46,600,0.657,timeout,246
632,-318.1,600,0.6565,timeout,246
633,-79.94,600,0.6559,timeout,246
634,-84.53,600,0.6554,timeout,246
635,231.2,600,0.6548,success,247
636,-219.38,600,0.6543,timeout,247
637,-345.19,529,0.6537,enemy,247
638,-33.65,600,0.6532,timeout,247
639,-82.24,600,0.6526,timeout,247
640,-68.02,182,0.6521,enemy,247
641,-75.13,311,0.6516,enemy,247
642,-68.86,170,0.651,enemy,247
643,229.14,600,0.6505,success,250
644,-86.21,600,0.6499,timeout,250
645,-82.32,310,0.6494,enemy,250
646,-104.89,600,0.6488,timeout,250
647,-70.93,600,0.6483,timeout,250
648,-449.73,563,0.6477,enemy,250
649,-369.31,600,0.6472,timeout,250
650,-85.05,600,0.6467,timeout,250
651,-83.67,600,0.6461,timeout,250
652,-86.92,600,0.6456,timeout,250
653,-585.88,558,0.645,enemy,250
654,-31.62,600,0.6445,timeout,250
655,-72.52,600,0.6439,timeout,250
656,-81.22,308,0.6434,enemy,250
657,-15.26,600,0.6428,timeout,250
658,-103.71,423,0.6423,enemy,250
659,-446.1,600,0.6418,timeout,250
660,-74.28,600,0.6412,timeout,250
661,-79.94,600,0.6407,timeout,250
662,-374.15,600,0.6401,timeout,250
663,-85.89,319,0.6396,enemy,250
664,-86.32,600,0.639,timeout,250
665,-31.56,600,0.6385,timeout,250
666,-18.68,600,0.6379,timeout,250
667,-83.69,600,0.6374,timeout,250
668,-102.03,527,0.6369,enemy,250
669,-70.0,236,0.6363,enemy,250
670,-82.0,600,0.6358,timeout,250
671,-379.4,488,0.6352,enemy,250
672,-371.05,550,0.6347,enemy,250
673,-219.63,600,0.6341,timeout,250
674,-186.55,600,0.6336,timeout,250
675,-148.18,600,0.633,timeout,250
676,-460.56,600,0.6325,timeout,250
677,-81.91,600,0.632,timeout,250
678,-85.06,600,0.6314,timeout,250
679,-87.32,238,0.6309,enemy,250
680,-69.2,600,0.6303,timeout,250
681,-54.49,600,0.6298,timeout,250
682,-87.42,600,0.6292,timeout,250
683,-81.91,600,0.6287,timeout,250
684,-86.21,600,0.6281,timeout,250
685,-110.58,507,0.6276,enemy,250
686,-56.91,600,0.6271,timeout,250
687,-84.98,600,0.6265,timeout,250
688,-79.98,600,0.626,timeout,250
689,-86.92,600,0.6254,timeout,250
690,-83.87,600,0.6249,timeout,250
691,-85.0,600,0.6243,timeout,250
692,-371.47,600,0.6238,timeout,250
693,-87.38,600,0.6232,timeout,250
694,-87.53,600,0.6227,timeout,250
695,-88.04,600,0.6222,timeout,250
696,-80.32,600,0.6216,timeout,250
697,-80.5,600,0.6211,timeout,250
698,-85.05,600,0.6205,timeout,250
699,-79.97,600,0.62,timeout,250
700,-81.96,600,0.6194,timeout,250
701,-87.52,600,0.6189,timeout,250
702,-33.51,600,0.6183,timeout,250
703,-80.32,600,0.6178,timeout,250
704,-79.98,600,0.6173,timeout,250
705,-86.64,600,0.6167,timeout,250
706,-83.75,600,0.6162,timeout,250
707,-610.23,546,0.6156,enemy,250
708,-79.98,600,0.6151,timeout,250
709,-81.99,600,0.6145,timeout,250
710,-87.04,600,0.614,timeout,250
711,-79.94,600,0.6134,timeout,250
712,-80.14,600,0.6129,timeout,250
713,-85.05,600,0.6124,timeout,250
714,-86.88,600,0.6118,timeout,250
715,-83.75,600,0.6113,timeout,250
716,-87.42,600,0.6107,timeout,250
717,-79.94,600,0.6102,timeout,250
718,-174.91,600,0.6096,timeout,250
719,-69.14,174,0.6091,enemy,250
720,-86.92,600,0.6085,timeout,250
721,-34.95,600,0.608,timeout,250
722,-233.67,600,0.6075,timeout,250
723,-40.65,600,0.6069,timeout,250
724,-239.49,529,0.6064,enemy,250
725,-163.25,600,0.6058,timeout,250
726,-86.21,600,0.6053,timeout,250
727,-102.46,542,0.6047,enemy,250
728,-26.07,600,0.6042,timeout,250
729,-83.82,600,0.6036,timeout,250
730,-85.93,326,0.6031,enemy,250
731,-227.04,230,0.6026,enemy,250
732,-86.33,600,0.602,timeout,250
733,-87.46,600,0.6015,timeout,250
734,-29.73,600,0.6009,timeout,250
735,-85.07,600,0.6004,timeout,250
736,-87.52,600,0.5998,timeout,250
737,-86.32,600,0.5993,timeout,250
738,-86.21,600,0.5987,timeout,250
739,-283.7,386,0.5982,enemy,250
740,-91.61,383,0.5977,enemy,250
741,-278.41,483,0.5971,enemy,250
742,-21.73,600,0.5966,timeout,250
743,-28.25,600,0.596,timeout,250
744,-306.95,600,0.5955,timeout,250
745,-85.08,600,0.5949,timeout,250
746,-344.08,600,0.5944,timeout,250
747,-85.12,600,0.5938,timeout,250
748,-79.96,600,0.5933,timeout,250
749,-82.0,600,0.5928,timeout,250
750,-87.46,600,0.5922,timeout,250
751,-79.94,600,0.5917,timeout,250
752,-83.67,600,0.5911,timeout,250
753,-84.98,600,0.5906,timeout,250
754,-87.38,600,0.59,timeout,250
755,-87.01,600,0.5895,timeout,250
756,-82.07,600,0.5889,timeout,250
757,-87.52,600,0.5884,timeout,250
758,-80.5,600,0.5879,timeout,250
759,-81.96,600,0.5873,timeout,250
760,-86.92,600,0.5868,timeout,250
761,-87.52,600,0.5862,timeout,250
762,-84.98,600,0.5857,timeout,250
763,-83.61,600,0.5851,timeout,250
764,-93.22,420,0.5846,enemy,250
765,-87.39,600,0.584,timeout,250
766,-83.67,600,0.5835,timeout,250
767,-87.52,600,0.583,timeout,250
768,-87.41,600,0.5824,timeout,250
769,-83.6,600,0.5819,timeout,250
770,-87.78,600,0.5813,timeout,250
771,-80.32,600,0.5808,timeout,250
772,-86.31,600,0.5802,timeout,250
773,-85.05,600,0.5797,timeout,250
774,-85.06,600,0.5791,timeout,250
775,-20.89,600,0.5786,timeout,250
776,-85.21,600,0.5781,timeout,250
777,-83.57,600,0.5775,timeout,250
778,-79.97,600,0.577,timeout,250
779,-54.85,600,0.5764,timeout,250
780,-80.63,600,0.5759,timeout,250
781,-21.07,600,0.5753,timeout,250
782,-80.96,300,0.5748,enemy,250
783,-139.43,600,0.5742,timeout,250
784,-84.58,336,0.5737,enemy,250
785,-81.96,600,0.5732,timeout,250
786,-179.97,600,0.5726,timeout,250
787,-82.12,600,0.5721,timeout,250
788,-403.71,536,0.5715,enemy,250
789,88.7,600,0.571,success,250
790,-85.21,600,0.5704,timeout,250
791,-85.06,600,0.5699,timeout,250
792,-87.54,600,0.5693,timeout,250
793,-79.94,600,0.5688,timeout,250
794,-84.98,600,0.5683,timeout,250
795,-83.77,600,0.5677,timeout,250
796,-278.49,591,0.5672,enemy,250
797,-85.05,600,0.5666,timeout,250
798,-74.23,285,0.5661,enemy,250
799,-482.49,600,0.5655,timeout,250
800,-87.41,600,0.565,timeout,250
801,-30.37,600,0.5644,timeout,250
802,-30.12,600,0.5639,timeout,250
803,-461.25,567,0.5634,enemy,250
804,-374.91,380,0.5628,enemy,250
805,-102.5,546,0.5623,enemy,250
806,-85.08,600,0.5617,timeout,250
807,-266.91,409,0.5612,enemy,250
808,-266.07,395,0.5606,enemy,250
809,-86.38,600,0.5601,timeout,250
810,-86.15,600,0.5595,timeout,250
811,-80.32,600,0.559,timeout,250
812,-17.05,600,0.5585,timeout,250
813,-85.21,600,0.5579,timeout,250
814,-159.96,600,0.5574,timeout,250
815,-49.63,600,0.5568,timeout,250
816,-80.26,600,0.5563,timeout,250
817,-321.37,386,0.5557,enemy,250
818,-104.28,423,0.5552,enemy,250
819,-439.81,600,0.5546,timeout,250
820,226.98,600,0.5541,success,252
821,230.12,600,0.5536,success,253
822,-30.65,600,0.553,timeout,253
823,-101.41,539,0.5525,enemy,253
824,-77.2,271,0.5519,enemy,253
825,-87.53,600,0.5514,timeout,253
826,-83.6,600,0.5508,timeout,253
827,-85.88,345,0.5503,enemy,253
828,-174.94,566,0.5497,enemy,254
829,-247.46,382,0.5492,enemy,254
830,-46.1,600,0.5487,timeout,254
831,-76.98,251,0.5481,enemy,254
832,-259.0,600,0.5476,timeout,254
833,-262.7,492,0.547,enemy,254
834,-487.8,600,0.5465,timeout,254
835,-395.06,600,0.5459,timeout,254
836,-909.09,600,0.5454,timeout,254
837,236.56,600,0.5448,success,255
838,-87.69,600,0.5443,timeout,255
839,-85.21,600,0.5438,timeout,255
840,-80.29,392,0.5432,enemy,255
841,-101.62,507,0.5427,enemy,255
842,-83.74,600,0.5421,timeout,255
843,-31.63,600,0.5416,timeout,255
844,-97.72,473,0.541,enemy,255
845,-23.58,600,0.5405,timeout,255
846,-782.76,600,0.5399,timeout,255
847,230.31,600,0.5394,success,255
848,-453.36,600,0.5389,timeout,255
849,-72.7,176,0.5383,enemy,255
850,-77.48,600,0.5378,timeout,255
851,-29.9,600,0.5372,timeout,255
852,-33.74,600,0.5367,timeout,256
853,-79.44,180,0.5361,enemy,256
854,-82.78,600,0.5356,timeout,256
855,-69.99,600,0.535,timeout,256
856,-87.22,600,0.5345,timeout,256
857,-83.56,600,0.534,timeout,256
858,-87.35,600,0.5334,timeout,256
859,-86.22,600,0.5329,timeout,256
860,-86.94,600,0.5323,timeout,256
861,-84.13,600,0.5318,timeout,256
862,-79.96,600,0.5312,timeout,256
863,-86.18,600,0.5307,timeout,256
864,-86.17,600,0.5301,timeout,256
865,-21.81,600,0.5296,timeout,256
866,-80.13,600,0.5291,timeout,256
867,-83.61,600,0.5285,timeout,256
868,-87.37,600,0.528,timeout,256
869,-79.95,600,0.5274,timeout,256
870,-86.95,600,0.5269,timeout,256
871,-85.5,600,0.5263,timeout,256
872,-86.88,600,0.5258,timeout,256
873,-81.97,600,0.5252,timeout,256
874,-86.6,600,0.5247,timeout,256
875,-151.43,421,0.5242,enemy,256
876,-116.8,165,0.5236,enemy,256
877,-106.75,85,0.5231,enemy,256
878,-104.13,600,0.5225,timeout,256
879,551.3,600,0.522,success,259
880,-210.02,520,0.5214,enemy,259
881,-119.69,544,0.5209,enemy,259
882,-289.04,600,0.5203,timeout,259
883,-149.13,600,0.5198,timeout,259
884,-827.17,600,0.5193,timeout,259
885,-81.52,600,0.5187,timeout,259
886,-129.85,600,0.5182,timeout,259
887,-386.33,600,0.5176,timeout,259
888,-85.06,600,0.5171,timeout,259
889,-87.57,600,0.5165,timeout,259
890,-86.24,600,0.516,timeout,259
891,-86.17,600,0.5154,timeout,259
892,-83.69,600,0.5149,timeout,259
893,-84.99,600,0.5144,timeout,259
894,-83.67,600,0.5138,timeout,259
895,-280.8,578,0.5133,enemy,260
896,-81.96,600,0.5127,timeout,260
897,-86.15,600,0.5122,timeout,260
898,-380.51,536,0.5116,enemy,260
899,-87.36,600,0.5111,timeout,260
900,233.22,600,0.5105,success,260
901,-136.0,600,0.51,timeout,260
902,-80.24,210,0.5095,enemy,260
903,-87.42,600,0.5089,timeout,260
904,-79.97,600,0.5084,timeout,260
905,-82.0,600,0.5078,timeout,260
906,-354.67,420,0.5073,enemy,260
907,-79.98,600,0.5067,timeout,260
908,-210.61,387,0.5062,enemy,260
909,-36.96,600,0.5056,timeout,260
910,-125.56,600,0.5051,timeout,260
911,-289.67,339,0.5046,enemy,260
912,-103.9,491,0.504,enemy,260
913,-67.91,188,0.5035,enemy,260
914,-159.17,457,0.5029,enemy,260
915,-72.78,223,0.5024,enemy,260
916,-70.63,201,0.5018,enemy,260
917,-422.51,522,0.5013,enemy,260
918,-282.3,600,0.5007,timeout,260
919,-118.1,141,0.5002,enemy,260
920,-213.11,600,0.4997,timeout,260
921,-258.27,497,0.4991,enemy,260
922,-85.13,600,0.4986,timeout,260
923,-83.58,600,0.498,timeout,260
924,-166.74,600,0.4975,timeout,260
925,-53.47,600,0.4969,timeout,260
926,-159.68,600,0.4964,timeout,260
927,-87.38,600,0.4958,timeout,260
928,-144.8,600,0.4953,timeout,260
929,-338.17,409,0.4948,enemy,260
930,-388.3,569,0.4942,enemy,260
931,-272.91,378,0.4937,enemy,260
932,-79.96,600,0.4931,timeout,260
933,-84.99,600,0.4926,timeout,260
934,-80.13,600,0.492,timeout,260
935,-87.42,600,0.4915,timeout,260
936,231.48,600,0.4909,success,260
937,-84.13,600,0.4904,timeout,260
938,-59.93,600,0.4899,timeout,260
939,-81.86,600,0.4893,timeout,260
940,-85.06,600,0.4888,timeout,260
941,-80.03,600,0.4882,timeout,260
942,-86.18,600,0.4877,timeout,260
943,-82.04,600,0.4871,timeout,260
944,-79.95,600,0.4866,timeout,260
945,-85.16,600,0.486,timeout,260
946,-83.69,600,0.4855,timeout,260
947,-87.38,600,0.485,timeout,260
948,-87.38,600,0.4844,timeout,260
949,-86.23,600,0.4839,timeout,260
950,-87.51,600,0.4833,timeout,260
951,-79.94,600,0.4828,timeout,260
952,-79.94,600,0.4822,timeout,260
953,-85.07,600,0.4817,timeout,260
954,-86.91,600,0.4811,timeout,260
955,-85.07,600,0.4806,timeout,260
956,-128.29,600,0.4801,timeout,260
957,-80.71,600,0.4795,timeout,260
958,-79.98,600,0.479,timeout,260
959,-79.94,600,0.4784,timeout,260
960,-86.95,600,0.4779,timeout,260
961,-86.95,600,0.4773,timeout,260
962,-80.5,600,0.4768,timeout,260
963,-82.17,600,0.4762,timeout,260
964,-83.67,600,0.4757,timeout,260
965,-82.0,600,0.4752,timeout,260
966,-85.06,600,0.4746,timeout,260
967,-86.18,600,0.4741,timeout,260
968,-84.98,600,0.4735,timeout,260
969,-85.06,600,0.473,timeout,260
970,-86.89,600,0.4724,timeout,260
971,-80.03,600,0.4719,timeout,260
972,-87.5,600,0.4713,timeout,260
973,-232.69,600,0.4708,timeout,260
974,-85.07,600,0.4703,timeout,260
975,-81.14,600,0.4697,timeout,260
976,-245.53,259,0.4692,enemy,260
977,-163.7,582,0.4686,enemy,260
978,-118.13,155,0.4681,enemy,260
979,-118.89,145,0.4675,enemy,260
980,-133.1,216,0.467,enemy,260
981,-121.28,134,0.4664,enemy,260
982,-78.47,600,0.4659,timeout,260
983,-149.91,600,0.4654,timeout,260
984,-127.15,600,0.4648,timeout,260
985,-84.65,330,0.4643,enemy,260
986,-54.92,600,0.4637,timeout,260
987,-86.89,600,0.4632,timeout,260
988,-85.59,600,0.4626,timeout,260
989,-87.39,600,0.4621,timeout,260
990,-80.99,600,0.4615,timeout,260
991,-87.71,600,0.461,timeout,260
992,-233.9,551,0.4605,enemy,260
993,-86.87,600,0.4599,timeout,260
994,-290.04,559,0.4594,enemy,260
995,-113.6,489,0.4588,enemy,260
996,-60.82,101,0.4583,enemy,260
997,-196.07,264,0.4577,enemy,260
998,-59.89,113,0.4572,enemy,260
999,-79.96,600,0.4566,timeout,260
1000,234.42,600,0.4561,success,260
1001,-156.79,600,0.4556,timeout,260
1002,-277.2,545,0.455,enemy,260
1003,-47.31,600,0.4545,timeout,260
1004,-77.23,239,0.4539,enemy,260
1005,-66.89,191,0.4534,enemy,260
1006,-182.91,504,0.4528,enemy,260
1007,-237.16,320,0.4523,enemy,260
1008,-34.35,600,0.4517,timeout,260
1009,-144.01,169,0.4512,enemy,260
1010,-230.81,469,0.4507,enemy,260
1011,-76.87,600,0.4501,timeout,260
1012,-39.89,600,0.4496,timeout,260
1013,-120.26,600,0.449,timeout,260
1014,216.77,600,0.4485,success,260
1015,-171.69,600,0.4479,timeout,260
1016,-84.42,600,0.4474,timeout,260
1017,-68.1,156,0.4468,enemy,260
1018,-121.3,600,0.4463,timeout,260
1019,-204.81,230,0.4458,enemy,260
1020,-245.65,496,0.4452,enemy,260
1021,-132.81,600,0.4447,timeout,260
1022,-209.0,393,0.4441,enemy,260
1023,-266.77,301,0.4436,enemy,260
1024,-81.86,600,0.443,timeout,260
1025,-81.96,600,0.4425,timeout,260
1026,-184.95,327,0.4419,enemy,260
1027,-85.05,600,0.4414,timeout,260
1028,-323.86,386,0.4409,enemy,260
1029,-90.11,600,0.4403,timeout,260
1030,-82.04,600,0.4398,timeout,260
1031,-30.69,600,0.4392,timeout,260
1032,-197.59,557,0.4387,enemy,260
1033,-123.76,151,0.4381,enemy,260
1034,-224.75,302,0.4376,enemy,260
1035,-80.91,600,0.437,timeout,260
1036,-68.98,180,0.4365,enemy,260
1037,-166.66,232,0.436,enemy,260
1038,-114.01,600,0.4354,timeout,260
1039,-85.05,600,0.4349,timeout,260
1040,-174.9,306,0.4343,enemy,260
1041,-132.53,600,0.4338,timeout,260
1042,-172.51,570,0.4332,enemy,260
1043,-246.19,566,0.4327,enemy,260
1044,-196.39,600,0.4321,timeout,260
1045,-25.2,600,0.4316,timeout,260
1046,-75.99,600,0.4311,timeout,260
1047,-87.14,600,0.4305,timeout,260
1048,-87.05,600,0.43,timeout,260
1049,-86.94,600,0.4294,timeout,260
1050,-86.88,600,0.4289,timeout,260
1051,-80.86,600,0.4283,timeout,260
1052,-242.72,600,0.4278,timeout,260
1053,-86.17,600,0.4272,timeout,260
1054,-117.74,571,0.4267,enemy,260
1055,-150.73,234,0.4262,enemy,260
1056,-271.71,469,0.4256,enemy,260
1057,-86.21,600,0.4251,timeout,260
1058,-226.5,317,0.4245,enemy,260
1059,-207.86,600,0.424,timeout,260
1060,-224.32,600,0.4234,timeout,260
1061,-162.66,408,0.4229,enemy,260
1062,-110.61,600,0.4223,timeout,260
1063,-255.24,547,0.4218,enemy,260
1064,-65.53,600,0.4213,timeout,260
1065,-190.9,574,0.4207,enemy,260
1066,-102.34,463,0.4202,enemy,260
1067,-212.1,494,0.4196,enemy,260
1068,-169.87,600,0.4191,timeout,260
1069,-87.44,600,0.4185,timeout,260
1070,-30.29,600,0.418,timeout,260
1071,-129.46,600,0.4174,timeout,260
1072,-53.08,600,0.4169,timeout,260
1073,155.31,600,0.4164,success,260
1074,-55.86,600,0.4158,timeout,261
1075,-210.1,411,0.4153,enemy,261
1076,-87.52,600,0.4147,timeout,261
1077,-83.69,600,0.4142,timeout,261
1078,-82.04,600,0.4136,timeout,261
1079,-86.28,600,0.4131,timeout,261
1080,-87.58,600,0.4125,timeout,261
1081,-86.94,600,0.412,timeout,261
1082,-49.51,600,0.4115,timeout,261
1083,-235.03,496,0.4109,enemy,261
1084,-87.85,600,0.4104,timeout,261
1085,-85.08,600,0.4098,timeout,261
1086,-86.98,600,0.4093,timeout,261
1087,-212.02,586,0.4087,enemy,261
1088,-80.26,326,0.4082,enemy,261
1089,-159.59,600,0.4076,timeout,261
1090,-70.6,600,0.4071,timeout,261
1091,-83.64,600,0.4066,timeout,261
1092,-79.95,600,0.406,timeout,261
1093,-82.13,600,0.4055,timeout,261
1094,-79.95,600,0.4049,timeout,261
1095,-79.97,600,0.4044,timeout,261
1096,-81.96,600,0.4038,timeout,261
1097,-87.14,600,0.4033,timeout,261
1098,-85.0,600,0.4027,timeout,261
1099,-83.74,600,0.4022,timeout,261
1100,-69.19,600,0.4017,timeout,261
1101,-80.03,600,0.4011,timeout,261
1102,-87.41,600,0.4006,timeout,261
1103,-86.92,600,0.4,timeout,261
1104,-79.98,600,0.3995,timeout,261
1105,-87.38,600,0.3989,timeout,261
1106,-79.98,600,0.3984,timeout,261
1107,-83.47,600,0.3978,timeout,261
1108,-166.97,600,0.3973,timeout,261
1109,-156.49,600,0.3968,timeout,261
1110,-85.83,327,0.3962,enemy,261
1111,-83.86,347,0.3957,enemy,261
1112,-164.65,600,0.3951,timeout,261
1113,-144.12,600,0.3946,timeout,261
1114,204.74,600,0.394,success,261
1115,-68.99,167,0.3935,enemy,261
1116,-224.98,508,0.3929,enemy,261
1117,-92.26,600,0.3924,timeout,261
1118,-143.44,482,0.3919,enemy,261
1119,-106.54,79,0.3913,enemy,261
1120,-106.44,51,0.3908,enemy,261
1121,-126.9,173,0.3902,enemy,261
1122,-131.93,185,0.3897,enemy,261
1123,-79.72,309,0.3891,enemy,261
1124,-76.32,251,0.3886,enemy,261
1125,-167.82,514,0.388,enemy,261
1126,-81.91,600,0.3875,timeout,261
1127,-74.94,250,0.387,enemy,261
1128,-59.01,600,0.3864,timeout,261
1129,-228.5,570,0.3859,enemy,261
1130,-120.5,600,0.3853,timeout,261
1131,-79.96,600,0.3848,timeout,261
1132,-239.12,475,0.3842,enemy,261
1133,-114.33,107,0.3837,enemy,261
1134,-104.37,471,0.3831,enemy,261
1135,-203.6,325,0.3826,enemy,261
1136,-119.02,208,0.3821,enemy,261
1137,-104.15,458,0.3815,enemy,261
1138,-172.69,320,0.381,enemy,261
1139,-177.99,600,0.3804,timeout,261
1140,-82.18,322,0.3799,enemy,261
1141,-69.99,232,0.3793,enemy,261
1142,-89.09,600,0.3788,timeout,261
1143,-83.69,600,0.3782,timeout,261
1144,-18.22,600,0.3777,timeout,261
1145,-25.89,600,0.3772,timeout,261
1146,-77.35,324,0.3766,enemy,261
1147,-57.11,600,0.3761,timeout,261
1148,-199.96,578,0.3755,enemy,261
1149,-129.8,181,0.375,enemy,261
1150,-105.3,81,0.3744,enemy,261
1151,-138.19,226,0.3739,enemy,261
1152,-115.66,104,0.3733,enemy,261
1153,-124.47,600,0.3728,timeout,261
1154,-75.83,600,0.3723,timeout,261
1155,-217.72,481,0.3717,enemy,261
1156,-162.11,600,0.3712,timeout,261
1157,-227.8,517,0.3706,enemy,261
1158,232.6,600,0.3701,success,261
1159,-191.15,374,0.3695,enemy,261
1160,-211.93,462,0.369,enemy,261
1161,-151.0,600,0.3684,timeout,261
1162,-25.69,600,0.3679,timeout,261
1163,-205.7,576,0.3674,enemy,261
1164,-88.41,371,0.3668,enemy,261
1165,-75.58,237,0.3663,enemy,261
1166,-84.23,600,0.3657,timeout,261
1167,-41.58,600,0.3652,timeout,261
1168,-86.87,600,0.3646,timeout,261
1169,-24.76,600,0.3641,timeout,261
1170,-87.69,600,0.3635,timeout,261
1171,-152.46,600,0.363,timeout,261
1172,-87.36,600,0.3625,timeout,261
1173,-86.92,600,0.3619,timeout,261
1174,-81.91,600,0.3614,timeout,261
1175,-83.58,600,0.3608,timeout,261
1176,-87.85,600,0.3603,timeout,261
1177,-122.0,600,0.3597,timeout,261
1178,-87.01,600,0.3592,timeout,261
1179,-79.95,600,0.3586,timeout,261
1180,-79.94,600,0.3581,timeout,261
1181,-74.44,600,0.3576,timeout,261
1182,-79.95,600,0.357,timeout,261
1183,-85.13,600,0.3565,timeout,261
1184,-87.39,600,0.3559,timeout,261
1185,-79.94,600,0.3554,timeout,261
1186,-83.6,600,0.3548,timeout,261
1187,-86.12,600,0.3543,timeout,261
1188,-85.0,600,0.3537,timeout,261
1189,-75.32,267,0.3532,enemy,261
1190,-80.06,600,0.3527,timeout,261
1191,-86.12,600,0.3521,timeout,261
1192,-87.37,600,0.3516,timeout,261
1193,-85.5,600,0.351,timeout,261
1194,-87.57,600,0.3505,timeout,261
1195,-79.96,600,0.3499,timeout,261
1196,-87.22,600,0.3494,timeout,261
1197,-98.25,600,0.3488,timeout,261
1198,-75.6,600,0.3483,timeout,261
1199,232.59,600,0.3478,success,261
1200,-44.03,600,0.3472,timeout,261
1201,-155.46,600,0.3467,timeout,261
1202,-227.84,556,0.3461,enemy,261
1203,-125.55,231,0.3456,enemy,261
1204,-87.37,600,0.345,timeout,261
1205,-113.66,600,0.3445,timeout,261
1206,-141.7,600,0.3439,timeout,261
1207,-216.3,549,0.3434,enemy,261
1208,-63.75,600,0.3429,timeout,261
1209,-83.74,600,0.3423,timeout,261
1210,237.01,600,0.3418,success,261
1211,-211.39,399,0.3412,enemy,261
1212,-82.13,600,0.3407,timeout,261
1213,-157.85,453,0.3401,enemy,261
1214,-226.7,566,0.3396,enemy,261
1215,-80.03,600,0.339,timeout,261
1216,-86.98,600,0.3385,timeout,261
1217,-98.03,600,0.338,timeout,261
1218,-86.15,600,0.3374,timeout,261
1219,-87.37,600,0.3369,timeout,261
1220,-87.53,600,0.3363,timeout,261
1221,-80.04,600,0.3358,timeout,261
1222,-81.91,600,0.3352,timeout,261
1223,-79.96,600,0.3347,timeout,261
1224,-86.94,600,0.3341,timeout,261
1225,-86.15,600,0.3336,timeout,261
1226,-81.96,600,0.3331,timeout,261
1227,-87.48,600,0.3325,timeout,261
1228,-81.91,600,0.332,timeout,261
1229,-81.96,600,0.3314,timeout,261
1230,-25.97,600,0.3309,timeout,261
1231,-80.03,600,0.3303,timeout,261
1232,-79.96,600,0.3298,timeout,261
1233,-81.96,600,0.3292,timeout,261
1234,-86.17,600,0.3287,timeout,261
1235,-73.65,600,0.3282,timeout,261
1236,-79.97,600,0.3276,timeout,261
1237,-79.94,600,0.3271,timeout,261
1238,-85.35,600,0.3265,timeout,261
1239,-85.42,600,0.326,timeout,261
1240,237.33,600,0.3254,success,261
1241,-83.57,600,0.3249,timeout,261
1242,-87.74,600,0.3243,timeout,261
1243,-86.15,600,0.3238,timeout,261
1244,-86.91,600,0.3233,timeout,261
1245,228.83,600,0.3227,success,261
1246,-82.0,600,0.3222,timeout,261
1247,-156.41,383,0.3216,enemy,261
1248,-65.47,600,0.3211,timeout,261
1249,-87.39,600,0.3205,timeout,261
1250,-86.55,600,0.32,timeout,261
1251,-159.2,576,0.3194,enemy,261
1252,-137.11,600,0.3189,timeout,261
1253,-141.27,345,0.3184,enemy,261
1254,-220.62,475,0.3178,enemy,261
1255,-160.94,600,0.3173,timeout,261
1256,190.2,321,0.3167,success,261
1257,-196.07,422,0.3162,enemy,261
1258,-107.97,85,0.3156,enemy,261
1259,-127.62,235,0.3151,enemy,261
1260,-136.0,222,0.3145,enemy,261
1261,-121.72,600,0.314,timeout,261
1262,-80.26,600,0.3135,timeout,261
1263,-110.26,95,0.3129,enemy,261
1264,-149.13,308,0.3124,enemy,261
1265,-168.89,411,0.3118,enemy,261
1266,-137.23,219,0.3113,enemy,261
1267,-190.54,493,0.3107,enemy,261
1268,-126.33,176,0.3102,enemy,261
1269,-122.18,140,0.3096,enemy,261
1270,-137.65,215,0.3091,enemy,261
1271,-111.1,89,0.3086,enemy,261
1272,-134.68,600,0.308,timeout,261
1273,-146.2,257,0.3075,enemy,261
1274,-199.94,563,0.3069,enemy,261
1275,-107.27,58,0.3064,enemy,261
1276,-80.24,600,0.3058,timeout,261
1277,-103.47,600,0.3053,timeout,261
1278,-174.79,600,0.3047,timeout,261
1279,-44.93,600,0.3042,timeout,261
1280,-67.26,600,0.3037,timeout,261
1281,-165.5,490,0.3031,enemy,261
1282,-39.95,600,0.3026,timeout,261
1283,-48.0,600,0.302,timeout,261
1284,-89.02,600,0.3015,timeout,261
1285,-38.1,600,0.3009,timeout,261
1286,-169.02,311,0.3004,enemy,261
1287,-149.23,170,0.2998,enemy,261
1288,-46.2,600,0.2993,timeout,261
1289,-76.21,600,0.2988,timeout,261
1290,-142.5,600,0.2982,timeout,261
1291,-134.11,600,0.2977,timeout,261
1292,-87.57,600,0.2971,timeout,261
1293,-74.2,228,0.2966,enemy,261
1294,-98.0,600,0.296,timeout,261
1295,-128.49,600,0.2955,timeout,261
1296,-74.19,240,0.2949,enemy,261
1297,199.53,600,0.2944,success,261
1298,-84.43,600,0.2939,timeout,261
1299,-186.59,400,0.2933,enemy,261
1300,-103.77,600,0.2928,timeout,261
1301,-172.62,314,0.2922,enemy,261
1302,-122.0,600,0.2917,timeout,261
1303,-131.68,600,0.2911,timeout,261
1304,-55.94,600,0.2906,timeout,261
1305,-134.3,225,0.29,enemy,261
1306,-162.27,600,0.2895,timeout,261
1307,-127.5,600,0.289,timeout,261
1308,-129.98,600,0.2884,timeout,261
1309,-101.78,600,0.2879,timeout,261
1310,-145.94,600,0.2873,timeout,261
1311,-126.53,224,0.2868,enemy,261
1312,-120.19,149,0.2862,enemy,261
1313,-118.47,600,0.2857,timeout,261
1314,-83.11,331,0.2851,enemy,261
1315,-134.7,219,0.2846,enemy,261
1316,-147.22,600,0.2841,timeout,261
1317,-105.8,600,0.2835,timeout,261
1318,-108.96,600,0.283,timeout,261
1319,-124.91,600,0.2824,timeout,261
1320,-184.87,406,0.2819,enemy,261
1321,-157.71,229,0.2813,enemy,261
1322,-88.4,600,0.2808,timeout,261
1323,-201.54,556,0.2802,enemy,261
1324,-199.84,552,0.2797,enemy,261
1325,-122.52,554,0.2792,enemy,261
1326,-38.21,600,0.2786,timeout,261
1327,-99.83,497,0.2781,enemy,261
1328,-132.11,600,0.2775,timeout,261
1329,-112.49,96,0.277,enemy,261
1330,-79.14,600,0.2764,timeout,261
1331,-123.43,551,0.2759,enemy,261
1332,263.63,600,0.2753,success,261
1333,-22.01,600,0.2748,timeout,261
1334,-78.85,600,0.2743,timeout,261
1335,-188.1,578,0.2737,enemy,261
1336,-87.42,600,0.2732,timeout,261
1337,-110.27,600,0.2726,timeout,261
1338,-86.21,600,0.2721,timeout,261
1339,-86.17,600,0.2715,timeout,261
1340,-87.39,600,0.271,timeout,261
1341,-165.19,491,0.2704,enemy,261
1342,-62.98,107,0.2699,enemy,261
1343,-158.0,393,0.2694,enemy,261
1344,-87.42,329,0.2688,enemy,261
1345,854.88,600,0.2683,success,261
1346,-147.46,600,0.2677,timeout,261
1347,-132.52,234,0.2672,enemy,261
1348,-123.89,600,0.2666,timeout,261
1349,-111.6,252,0.2661,enemy,261
1350,-98.69,161,0.2655,enemy,261
1351,-26.53,600,0.265,timeout,261
1352,-104.3,489,0.2645,enemy,261
1353,-98.57,510,0.2639,enemy,261
1354,204.02,600,0.2634,success,261
1355,-49.5,600,0.2628,timeout,261
1356,-74.84,270,0.2623,enemy,261
1357,-58.58,600,0.2617,timeout,261
1358,-57.02,600,0.2612,timeout,261
1359,-60.63,106,0.2606,enemy,261
1360,-123.43,149,0.2601,enemy,261
1361,-69.56,241,0.2596,enemy,261
1362,-65.41,600,0.259,timeout,261
1363,-109.53,231,0.2585,enemy,261
1364,-79.88,600,0.2579,timeout,261
1365,-149.58,469,0.2574,enemy,261
1366,-200.0,413,0.2568,enemy,261
1367,-112.28,236,0.2563,enemy,261
1368,-72.19,600,0.2557,timeout,261
1369,-46.2,600,0.2552,timeout,261
1370,-60.06,94,0.2547,enemy,261
1371,214.72,600,0.2541,success,261
1372,-59.09,600,0.2536,timeout,261
1373,-60.4,600,0.253,timeout,261
1374,-140.04,600,0.2525,timeout,261
1375,-92.44,600,0.2519,timeout,261
1376,-107.63,600,0.2514,timeout,261
1377,-150.57,600,0.2508,timeout,261
1378,-124.24,244,0.2503,enemy,261
1379,-93.52,314,0.2498,enemy,261
1380,-84.68,600,0.2492,timeout,261
1381,-119.78,600,0.2487,timeout,261
1382,-81.96,600,0.2481,timeout,261
1383,-85.69,600,0.2476,timeout,261
1384,-100.51,600,0.247,timeout,261
1385,-36.66,600,0.2465,timeout,261
1386,-141.5,327,0.2459,enemy,261
1387,-70.06,180,0.2454,enemy,261
1388,-114.6,600,0.2449,timeout,261
1389,-86.94,600,0.2443,timeout,261
1390,-207.66,574,0.2438,enemy,261
1391,-127.1,600,0.2432,timeout,261
1392,-144.34,411,0.2427,enemy,261
1393,-75.57,260,0.2421,enemy,261
1394,-141.74,157,0.2416,enemy,261
1395,-123.92,224,0.241,enemy,261
1396,544.33,600,0.2405,success,261
1397,-118.7,600,0.24,timeout,261
1398,-89.74,174,0.2394,enemy,261
1399,-115.72,573,0.2389,enemy,261
1400,-92.94,424,0.2383,enemy,261
1401,-61.7,91,0.2378,enemy,261
1402,-109.05,600,0.2372,timeout,261
1403,-113.03,462,0.2367,enemy,261
1404,-167.76,600,0.2361,timeout,261
1405,-48.1,600,0.2356,timeout,261
1406,-113.72,246,0.2351,enemy,261
1407,-120.64,312,0.2345,enemy,261
1408,-173.6,549,0.234,enemy,261
1409,-198.51,468,0.2334,enemy,261
1410,-44.6,600,0.2329,timeout,261
1411,-97.68,600,0.2323,timeout,261
1412,-139.62,313,0.2318,enemy,261
1413,-42.64,600,0.2312,timeout,261
1414,-88.48,600,0.2307,timeout,261
1415,-98.44,600,0.2302,timeout,261
1416,-121.74,600,0.2296,timeout,261
1417,-96.69,600,0.2291,timeout,261
1418,-103.29,600,0.2285,timeout,261
1419,-109.54,91,0.228,enemy,261
1420,-186.0,574,0.2274,enemy,261
1421,-59.8,600,0.2269,timeout,261
1422,-150.54,393,0.2263,enemy,261
1423,-78.9,149,0.2258,enemy,261
1424,-87.02,336,0.2253,enemy,261
1425,-129.31,246,0.2247,enemy,261
1426,-192.44,549,0.2242,enemy,261
1427,-33.59,600,0.2236,timeout,261
1428,-85.57,382,0.2231,enemy,261
1429,-85.21,600,0.2225,timeout,261
1430,-123.56,600,0.222,timeout,261
1431,-32.2,600,0.2214,timeout,261
1432,-81.98,600,0.2209,timeout,261
1433,-79.0,600,0.2204,timeout,261
1434,-184.79,297,0.2198,enemy,261
1435,-54.58,600,0.2193,timeout,261
1436,-22.53,600,0.2187,timeout,261
1437,-86.98,600,0.2182,timeout,261
1438,-79.97,600,0.2176,timeout,261
1439,-127.61,276,0.2171,enemy,261
1440,-153.69,489,0.2165,enemy,261
1441,-85.13,600,0.216,timeout,261
1442,-114.25,600,0.2155,timeout,261
1443,-83.74,600,0.2149,timeout,261
1444,-83.72,600,0.2144,timeout,261
1445,-26.22,600,0.2138,timeout,261
1446,-87.42,600,0.2133,timeout,261
1447,-80.7,257,0.2127,enemy,261
1448,-87.44,600,0.2122,timeout,261
1449,-86.92,600,0.2116,timeout,261
1450,-79.96,600,0.2111,timeout,261
1451,-87.37,600,0.2106,timeout,261
1452,-87.53,600,0.21,timeout,261
1453,-86.89,600,0.2095,timeout,261
1454,-80.03,600,0.2089,timeout,261
1455,-86.88,600,0.2084,timeout,261
1456,-79.96,600,0.2078,timeout,261
1457,-86.15,600,0.2073,timeout,261
1458,-128.46,600,0.2067,timeout,261
1459,-86.08,600,0.2062,timeout,261
1460,-85.05,600,0.2057,timeout,261
1461,-79.97,600,0.2051,timeout,261
1462,-85.05,600,0.2046,timeout,261
1463,-83.12,600,0.204,timeout,261
1464,-24.92,600,0.2035,timeout,261
1465,-82.8,600,0.2029,timeout,261
1466,-79.97,600,0.2024,timeout,261
1467,-86.98,600,0.2018,timeout,261
1468,-80.03,600,0.2013,timeout,261
1469,-95.56,600,0.2008,timeout,261
1470,-83.69,600,0.2002,timeout,261
1471,-79.95,600,0.1997,timeout,261
1472,-84.98,600,0.1991,timeout,261
1473,-79.96,600,0.1986,timeout,261
1474,-83.67,600,0.198,timeout,261
1475,-85.07,600,0.1975,timeout,261
1476,-79.94,600,0.1969,timeout,261
1477,-87.35,600,0.1964,timeout,261
1478,-86.15,600,0.1959,timeout,261
1479,-81.83,600,0.1953,timeout,261
1480,-87.37,600,0.1948,timeout,261
1481,-127.81,600,0.1942,timeout,261
1482,-81.96,600,0.1937,timeout,261
1483,-86.92,600,0.1931,timeout,261
1484,-87.38,600,0.1926,timeout,261
1485,-87.46,600,0.192,timeout,261
1486,-86.15,600,0.1915,timeout,261
1487,-87.4,600,0.191,timeout,261
1488,-87.0,600,0.1904,timeout,261
1489,-79.95,600,0.1899,timeout,261
1490,-82.0,600,0.1893,timeout,261
1491,-83.87,600,0.1888,timeout,261
1492,-82.89,600,0.1882,timeout,261
1493,-83.58,600,0.1877,timeout,261
1494,-81.91,600,0.1871,timeout,261
1495,-85.07,600,0.1866,timeout,261
1496,-83.64,600,0.1861,timeout,261
1497,-86.15,600,0.1855,timeout,261
1498,-83.71,600,0.185,timeout,261
1499,-81.96,600,0.1844,timeout,261
1500,-79.94,600,0.1839,timeout,261
1501,-87.38,600,0.1833,timeout,261
1502,-79.97,600,0.1828,timeout,261
1503,-81.94,600,0.1822,timeout,261
1504,-86.1,600,0.1817,timeout,261
1505,-79.97,600,0.1812,timeout,261
1506,-79.94,600,0.1806,timeout,261
1507,-83.7,600,0.1801,timeout,261
1508,-84.98,600,0.1795,timeout,261
1509,-87.37,600,0.179,timeout,261
1510,228.32,600,0.1784,success,261
1511,-111.7,600,0.1779,timeout,261
1512,-110.73,98,0.1773,enemy,261
1513,-101.06,600,0.1768,timeout,261
1514,-64.38,600,0.1763,timeout,261
1515,-60.89,87,0.1757,enemy,261
1516,-93.11,254,0.1752,enemy,261
1517,-123.95,600,0.1746,timeout,261
1518,-45.17,600,0.1741,timeout,261
1519,-68.61,600,0.1735,timeout,261
1520,-79.57,600,0.173,timeout,261
1521,-156.99,600,0.1724,timeout,261
1522,-43.77,600,0.1719,timeout,261
1523,-48.94,600,0.1714,timeout,261
1524,-144.59,261,0.1708,enemy,261
1525,-74.7,600,0.1703,timeout,261
1526,-173.12,581,0.1697,enemy,261
1527,-45.21,600,0.1692,timeout,261
1528,-150.8,423,0.1686,enemy,261
1529,-46.82,600,0.1681,timeout,261
1530,-46.35,600,0.1675,timeout,261
1531,232.7,600,0.167,success,261
1532,422.26,600,0.1665,success,261
1533,-26.27,600,0.1659,timeout,261
1534,-81.74,600,0.1654,timeout,261
1535,-109.38,600,0.1648,timeout,261
1536,-46.62,600,0.1643,timeout,261
1537,-78.84,600,0.1637,timeout,261
1538,-127.25,318,0.1632,enemy,261
1539,-33.24,600,0.1626,timeout,261
1540,-59.1,600,0.1621,timeout,261
1541,-82.13,600,0.1616,timeout,261
1542,-85.09,600,0.161,timeout,261
1543,-122.95,600,0.1605,timeout,261
1544,-144.36,424,0.1599,enemy,261
1545,-185.84,485,0.1594,enemy,261
1546,-170.04,396,0.1588,enemy,261
1547,-153.51,296,0.1583,enemy,261
1548,-138.89,600,0.1577,timeout,261
1549,-128.73,600,0.1572,timeout,261
1550,-114.43,99,0.1567,enemy,261
1551,-130.45,600,0.1561,timeout,261
1552,-106.86,62,0.1556,enemy,261
1553,-107.56,65,0.155,enemy,261
1554,-117.53,106,0.1545,enemy,261
1555,-131.04,600,0.1539,timeout,261
1556,-137.67,600,0.1534,timeout,261
1557,-107.13,71,0.1528,enemy,261
1558,-132.28,600,0.1523,timeout,261
1559,-140.47,248,0.1518,enemy,261
1560,-93.51,600,0.1512,timeout,261
1561,-153.39,328,0.1507,enemy,261
1562,-125.63,173,0.1501,enemy,261
1563,-84.12,600,0.1496,timeout,261
1564,-39.56,600,0.149,timeout,261
1565,-81.28,600,0.1485,timeout,261
1566,-108.05,562,0.1479,enemy,261
1567,-139.26,488,0.1474,enemy,261
1568,-100.8,171,0.1469,enemy,261
1569,-62.63,600,0.1463,timeout,261
1570,-83.89,315,0.1458,enemy,261
1571,-60.09,129,0.1452,enemy,261
1572,-75.26,600,0.1447,timeout,261
1573,-147.23,315,0.1441,enemy,261
1574,-58.4,600,0.1436,timeout,261
1575,-83.76,600,0.143,timeout,261
1576,-96.5,250,0.1425,enemy,261
1577,-98.24,156,0.142,enemy,261
1578,-63.14,128,0.1414,enemy,261
1579,-64.51,600,0.1409,timeout,261
1580,-96.03,600,0.1403,timeout,261
1581,-37.93,600,0.1398,timeout,261
1582,-99.3,600,0.1392,timeout,261
1583,241.74,600,0.1387,success,261
1584,-164.42,554,0.1381,enemy,261
1585,216.18,600,0.1376,success,262
1586,-99.3,600,0.1371,timeout,262
1587,-58.67,600,0.1365,timeout,262
1588,-130.36,600,0.136,timeout,262
1589,172.42,554,0.1354,success,262
1590,-42.34,600,0.1349,timeout,262
1591,-56.77,600,0.1343,timeout,262
1592,-145.3,408,0.1338,enemy,262
1593,179.27,573,0.1332,success,267
1594,-108.19,473,0.1327,enemy,267
1595,-33.47,600,0.1322,timeout,267
1596,-55.02,600,0.1316,timeout,267
1597,-143.82,551,0.1311,enemy,267
1598,-140.69,253,0.1305,enemy,267
1599,-62.91,600,0.13,timeout,267
1600,-54.91,600,0.1294,timeout,267
1601,-178.5,521,0.1289,enemy,267
1602,-68.01,600,0.1283,timeout,267
1603,-71.67,600,0.1278,timeout,267
1604,-150.17,504,0.1273,enemy,267
1605,-99.78,600,0.1267,timeout,267
1606,-112.2,246,0.1262,enemy,267
1607,-96.8,600,0.1256,timeout,267
1608,224.78,600,0.1251,success,267
1609,-39.67,600,0.1245,timeout,267
1610,-41.79,600,0.124,timeout,267
1611,-49.0,600,0.1234,timeout,267
1612,-58.69,600,0.1229,timeout,267
1613,-130.81,574,0.1224,enemy,267
1614,-86.0,600,0.1218,timeout,267
1615,-99.5,600,0.1213,timeout,267
1616,-157.5,481,0.1207,enemy,267
1617,-58.69,600,0.1202,timeout,267
1618,-47.77,600,0.1196,timeout,267
1619,-127.54,600,0.1191,timeout,267
1620,-107.37,600,0.1185,timeout,267
1621,-122.89,600,0.118,timeout,267
1622,-109.95,414,0.1175,enemy,267
1623,-91.69,600,0.1169,timeout,267
1624,-44.62,600,0.1164,timeout,267
1625,-89.96,600,0.1158,timeout,267
1626,-43.99,600,0.1153,timeout,267
1627,-85.6,600,0.1147,timeout,267
1628,-71.3,166,0.1142,enemy,267
1629,253.74,600,0.1136,success,267
1630,-80.43,600,0.1131,timeout,267
1631,-165.53,553,0.1126,enemy,267
1632,-35.23,600,0.112,timeout,267
1633,-127.4,600,0.1115,timeout,267
1634,-136.22,600,0.1109,timeout,267
1635,-59.3,600,0.1104,timeout,267
1636,-100.86,600,0.1098,timeout,267
1637,-94.59,600,0.1093,timeout,267
1638,-99.09,600,0.1087,timeout,267
1639,-102.87,600,0.1082,timeout,267
1640,-56.18,600,0.1077,timeout,267
1641,232.26,600,0.1071,success,267
1642,-82.05,600,0.1066,timeout,267
1643,-63.11,600,0.106,timeout,267
1644,-65.3,600,0.1055,timeout,267
1645,-92.25,600,0.1049,timeout,267
1646,-104.59,437,0.1044,enemy,267
1647,-69.21,600,0.1038,timeout,267
1648,-93.24,600,0.1033,timeout,267
1649,570.4,600,0.1028,success,267
1650,-94.61,600,0.1022,timeout,267
1651,-98.07,600,0.1017,timeout,267
1652,-130.8,399,0.1011,enemy,267
1653,-80.15,600,0.1006,timeout,267
1654,251.43,600,0.1,success,267
1655,-91.68,600,0.0995,timeout,267
1656,142.23,571,0.0989,success,267
1657,-70.49,600,0.0984,timeout,267
1658,-86.3,600,0.0979,timeout,267
1659,-26.95,600,0.0973,timeout,267
1660,-81.91,600,0.0968,timeout,267
1661,-50.4,600,0.0962,timeout,267
1662,-29.53,600,0.0957,timeout,267
1663,-61.3,600,0.0951,timeout,267
1664,-79.93,600,0.0946,timeout,267
1665,-34.07,600,0.094,timeout,267
1666,288.21,600,0.0935,success,267
1667,-58.1,600,0.093,timeout,267
1668,-36.9,600,0.0924,timeout,267
1669,-103.82,577,0.0919,enemy,267
1670,-33.59,600,0.0913,timeout,267
1671,-85.44,600,0.0908,timeout,267
1672,-54.3,600,0.0902,timeout,267
1673,180.31,600,0.0897,success,267
1674,195.63,600,0.0891,success,267
1675,-78.23,600,0.0886,timeout,267
1676,-79.72,600,0.0881,timeout,267
1677,-88.17,235,0.0875,enemy,267
1678,-87.37,600,0.087,timeout,267
1679,-53.34,600,0.0864,timeout,267
1680,-72.88,600,0.0859,timeout,267
1681,-61.91,600,0.0853,timeout,267
1682,-50.56,600,0.0848,timeout,267
1683,-52.0,600,0.0842,timeout,267
1684,-57.31,600,0.0837,timeout,267
1685,-98.45,333,0.0832,enemy,267
1686,-57.63,600,0.0826,timeout,267
1687,-71.68,600,0.0821,timeout,267
1688,-69.41,600,0.0815,timeout,267
1689,-47.02,600,0.081,timeout,267
1690,-90.75,231,0.0804,enemy,267
1691,-80.02,600,0.0799,timeout,267
1692,-64.96,600,0.0793,timeout,267
1693,-64.82,600,0.0788,timeout,267
1694,-48.35,600,0.0783,timeout,267
1695,-49.41,600,0.0777,timeout,267
1696,-58.13,600,0.0772,timeout,267
1697,-79.59,157,0.0766,enemy,267
1698,-50.42,600,0.0761,timeout,267
1699,-71.19,600,0.0755,timeout,267
1700,-89.85,600,0.075,timeout,267
1701,-63.51,600,0.0744,timeout,267
1702,-54.7,600,0.0739,timeout,267
1703,-94.13,600,0.0734,timeout,267
1704,-148.71,600,0.0728,timeout,267
1705,203.81,600,0.0723,success,267
1706,-49.48,600,0.0717,timeout,267
1707,-61.11,600,0.0712,timeout,267
1708,-81.34,600,0.0706,timeout,267
1709,210.51,600,0.0701,success,267
1710,-48.13,600,0.0695,timeout,267
1711,-80.46,600,0.069,timeout,267
1712,-82.68,600,0.0685,timeout,267
1713,-58.89,600,0.0679,timeout,267
1714,-94.43,319,0.0674,enemy,267
1715,-88.07,328,0.0668,enemy,267
1716,-51.89,600,0.0663,timeout,267
1717,-139.53,477,0.0657,enemy,267
1718,-126.8,329,0.0652,enemy,267
1719,-79.54,600,0.0646,timeout,267
1720,-75.23,600,0.0641,timeout,267
1721,-142.22,596,0.0636,enemy,267
1722,-92.38,180,0.063,enemy,267
1723,-47.76,600,0.0625,timeout,267
1724,-146.04,261,0.0619,enemy,267
1725,-61.76,600,0.0614,timeout,267
1726,-87.16,600,0.0608,timeout,267
1727,-37.34,600,0.0603,timeout,267
1728,-43.23,600,0.0597,timeout,267
1729,-74.79,600,0.0592,timeout,267
1730,-47.85,600,0.0587,timeout,267
1731,-79.39,600,0.0581,timeout,267
1732,-28.16,600,0.0576,timeout,267
1733,-80.03,600,0.057,timeout,267
1734,-33.96,600,0.0565,timeout,267
1735,-15.71,600,0.0559,timeout,267
1736,-44.13,600,0.0554,timeout,267
1737,-80.03,600,0.0548,timeout,267
1738,-69.86,600,0.0543,timeout,267
1739,-48.7,600,0.0538,timeout,267
1740,-66.8,600,0.0532,timeout,267
1741,-85.13,600,0.0527,timeout,267
1742,-54.83,600,0.0521,timeout,267
1743,-71.3,600,0.0516,timeout,267
1744,-64.47,600,0.051,timeout,267
1745,-122.34,385,0.0505,enemy,267
1746,-72.63,600,0.0499,timeout,267
1747,-132.94,600,0.0494,timeout,267
1748,-40.3,600,0.0489,timeout,267
1749,-53.63,600,0.0483,timeout,267
1750,247.28,600,0.0478,success,267
1751,238.89,600,0.0472,success,267
1752,-54.52,600,0.0467,timeout,267
1753,-49.14,600,0.0461,timeout,267
1754,-47.76,600,0.0456,timeout,267
1755,-66.72,600,0.045,timeout,267
1756,260.96,600,0.0445,success,267
1757,-66.44,600,0.044,timeout,267
1758,270.15,600,0.0434,success,267
1759,-31.11,600,0.0429,timeout,267
1760,-65.97,600,0.0423,timeout,267
1761,-66.32,600,0.0418,timeout,267
1762,-35.39,600,0.0412,timeout,267
1763,-39.31,600,0.0407,timeout,267
1764,-66.35,600,0.0401,timeout,267
1765,-43.67,600,0.0396,timeout,267
1766,-35.69,600,0.0391,timeout,267
1767,-44.93,600,0.0385,timeout,267
1768,-94.75,600,0.038,timeout,267
1769,250.83,600,0.0374,success,267
1770,-35.08,600,0.0369,timeout,267
1771,-45.82,600,0.0363,timeout,267
1772,-153.03,564,0.0358,enemy,267
1773,-55.35,600,0.0352,timeout,267
1774,-62.13,600,0.0347,timeout,267
1775,-107.4,326,0.0342,enemy,267
1776,-70.25,600,0.0336,timeout,267
1777,-59.33,600,0.0331,timeout,267
1778,-79.34,600,0.0325,timeout,267
1779,-102.05,403,0.032,enemy,267
1780,-59.15,600,0.0314,timeout,267
1781,-60.77,600,0.0309,timeout,267
1782,-57.03,600,0.0303,timeout,267
1783,-57.6,600,0.0298,timeout,267
1784,-67.97,600,0.0293,timeout,267
1785,-71.48,600,0.0287,timeout,267
1786,-54.28,600,0.0282,timeout,267
1787,-50.98,600,0.0276,timeout,267
1788,-81.98,600,0.0271,timeout,267
1789,-83.74,600,0.0265,timeout,267
1790,-44.72,600,0.026,timeout,267
1791,-60.32,600,0.0254,timeout,267
1792,-54.98,600,0.0249,timeout,267
1793,-62.79,600,0.0244,timeout,267
1794,-141.22,598,0.0238,enemy,267
1795,-63.41,600,0.0233,timeout,267
1796,-45.4,600,0.0227,timeout,267
1797,-44.21,600,0.0222,timeout,267
1798,-70.53,600,0.0216,timeout,267
1799,269.01,600,0.0211,success,267
1800,-70.22,600,0.0205,timeout,267
1801,-32.19,600,0.02,timeout,267
1802,224.15,600,0.02,success,267
1803,-55.53,600,0.02,timeout,267
1804,-58.18,600,0.02,timeout,267
1805,-72.8,600,0.02,timeout,267
1806,-57.21,600,0.02,timeout,267
1807,-83.75,600,0.02,timeout,267
1808,-64.68,600,0.02,timeout,267
1809,-82.82,600,0.02,timeout,267
1810,-65.7,600,0.02,timeout,267
1811,-60.69,600,0.02,timeout,267
1812,-62.95,600,0.02,timeout,267
1813,-87.9,600,0.02,timeout,267
1814,-64.34,600,0.02,timeout,267
1815,-97.79,201,0.02,enemy,267
1816,-52.81,600,0.02,timeout,267
1817,-73.02,600,0.02,timeout,267
1818,-66.31,600,0.02,timeout,267
1819,-46.9,600,0.02,timeout,267
1820,-58.28,600,0.02,timeout,267
1821,-80.1,600,0.02,timeout,267
1822,-60.15,600,0.02,timeout,267
1823,-75.58,600,0.02,timeout,267
1824,261.48,600,0.02,success,267
1825,-54.32,600,0.02,timeout,267
1826,-51.73,600,0.02,timeout,267
1827,-63.28,600,0.02,timeout,267
1828,-49.85,600,0.02,timeout,267
1829,-54.58,600,0.02,timeout,267
1830,-134.92,469,0.02,enemy,267
1831,-87.39,600,0.02,timeout,267
1832,-85.08,600,0.02,timeout,267
1833,-82.04,600,0.02,timeout,267
1834,-27.36,600,0.02,timeout,267
1835,-86.21,600,0.02,timeout,267
1836,-60.23,600,0.02,timeout,267
1837,-38.61,600,0.02,timeout,267
1838,-47.27,600,0.02,timeout,267
1839,-31.18,600,0.02,timeout,267
1840,-85.42,600,0.02,timeout,267
1841,-58.88,600,0.02,timeout,267
1842,-69.27,600,0.02,timeout,267
1843,-64.57,600,0.02,timeout,267
1844,-71.43,600,0.02,timeout,267
1845,-66.59,600,0.02,timeout,267
1846,-125.97,496,0.02,enemy,267
1847,-71.89,600,0.02,timeout,267
1848,-63.57,600,0.02,timeout,267
1849,-70.14,600,0.02,timeout,267
1850,-47.97,600,0.02,timeout,267
1851,-53.61,600,0.02,timeout,267
1852,-59.71,600,0.02,timeout,267
1853,-86.21,600,0.02,timeout,267
1854,-86.28,600,0.02,timeout,267
1855,-73.92,600,0.02,timeout,267
1856,-63.27,600,0.02,timeout,267
1857,-62.23,600,0.02,timeout,267
1858,-63.49,600,0.02,timeout,267
1859,-49.89,600,0.02,timeout,267
1860,-72.81,600,0.02,timeout,267
1861,-55.2,600,0.02,timeout,267
1862,-53.39,600,0.02,timeout,267
1863,-58.65,600,0.02,timeout,267
1864,-70.33,600,0.02,timeout,267
1865,-64.94,600,0.02,timeout,267
1866,-70.81,600,0.02,timeout,267
1867,-63.43,600,0.02,timeout,267
1868,-60.56,600,0.02,timeout,267
1869,-58.64,600,0.02,timeout,267
1870,-67.93,600,0.02,timeout,267
1871,-47.74,600,0.02,timeout,267
1872,-52.58,600,0.02,timeout,267
1873,-35.14,600,0.02,timeout,267
1874,-79.73,600,0.02,timeout,267
1875,-72.9,600,0.02,timeout,267
1876,-69.57,161,0.02,enemy,267
1877,-60.18,600,0.02,timeout,267
1878,-63.47,600,0.02,timeout,267
1879,-62.53,600,0.02,timeout,267
1880,-90.61,600,0.02,timeout,267
1881,-83.74,600,0.02,timeout,267
1882,-58.88,600,0.02,timeout,267
1883,-54.53,600,0.02,timeout,267
1884,-42.23,600,0.02,timeout,267
1885,-38.38,600,0.02,timeout,267
1886,-40.6,600,0.02,timeout,267
1887,-76.74,600,0.02,timeout,267
1888,-18.73,600,0.02,timeout,267
1889,-77.34,600,0.02,timeout,267
1890,-81.91,600,0.02,timeout,267
1891,-82.13,600,0.02,timeout,267
1892,-31.11,600,0.02,timeout,267
1893,-57.8,600,0.02,timeout,267
1894,-52.68,600,0.02,timeout,267
1895,-50.34,600,0.02,timeout,267
1896,-106.28,600,0.02,timeout,267
1897,-49.48,600,0.02,timeout,267
1898,-38.89,600,0.02,timeout,267
1899,-52.46,600,0.02,timeout,267
1900,-69.27,600,0.02,timeout,267
1901,-55.06,600,0.02,timeout,267
1902,-59.76,600,0.02,timeout,267
1903,-81.6,600,0.02,timeout,267
1904,-20.88,600,0.02,timeout,267
1905,-37.42,600,0.02,timeout,267
1906,-45.1,600,0.02,timeout,267
1907,-66.08,600,0.02,timeout,267
1908,-53.92,600,0.02,timeout,267
1909,-89.75,600,0.02,timeout,267
1910,-86.21,600,0.02,timeout,267
1911,-51.46,600,0.02,timeout,267
1912,-37.98,600,0.02,timeout,267
1913,-73.26,600,0.02,timeout,267
1914,-87.39,600,0.02,timeout,267
1915,-23.59,600,0.02,timeout,267
1916,-75.26,600,0.02,timeout,267
1917,-111.4,415,0.02,enemy,267
1918,-61.7,600,0.02,timeout,267
1919,-58.18,600,0.02,timeout,267
1920,-77.58,600,0.02,timeout,267
1921,-59.85,600,0.02,timeout,267
1922,-61.0,600,0.02,timeout,267
1923,-29.36,600,0.02,timeout,267
1924,-66.72,600,0.02,timeout,267
1925,-60.08,600,0.02,timeout,267
1926,-74.83,600,0.02,timeout,267
1927,-83.89,294,0.02,enemy,267
1928,-52.73,600,0.02,timeout,267
1929,-65.29,600,0.02,timeout,267
1930,-78.47,600,0.02,timeout,267
1931,-78.74,600,0.02,timeout,267
1932,-56.01,600,0.02,timeout,267
1933,-136.93,543,0.02,enemy,267
1934,-63.0,600,0.02,timeout,267
1935,-54.19,600,0.02,timeout,267
1936,-57.5,600,0.02,timeout,267
1937,-55.53,600,0.02,timeout,267
1938,-54.69,600,0.02,timeout,267
1939,-53.28,600,0.02,timeout,267
1940,-36.31,600,0.02,timeout,267
1941,-49.05,600,0.02,timeout,267
1942,-36.79,600,0.02,timeout,267
1943,-40.62,600,0.02,timeout,267
1944,-89.88,600,0.02,timeout,267
1945,-56.14,600,0.02,timeout,267
1946,-65.84,600,0.02,timeout,267
1947,-52.49,600,0.02,timeout,267
1948,-46.88,600,0.02,timeout,267
1949,-40.17,600,0.02,timeout,267
1950,-36.14,600,0.02,timeout,267
1951,-57.61,600,0.02,timeout,267
1952,-40.13,600,0.02,timeout,267
1953,-77.99,600,0.02,timeout,267
1954,-66.79,600,0.02,timeout,267
1955,-66.35,600,0.02,timeout,267
1956,-49.57,600,0.02,timeout,267
1957,-82.19,600,0.02,timeout,267
1958,-58.16,600,0.02,timeout,267
1959,-67.93,600,0.02,timeout,267
1960,-52.92,600,0.02,timeout,267
1961,-33.87,600,0.02,timeout,267
1962,-50.31,600,0.02,timeout,267
1963,-54.37,600,0.02,timeout,267
1964,-68.61,600,0.02,timeout,267
1965,-56.32,600,0.02,timeout,267
1966,-59.69,600,0.02,timeout,267
1967,-54.72,600,0.02,timeout,267
1968,-41.5,600,0.02,timeout,267
1969,-33.42,600,0.02,timeout,267
1970,-66.13,600,0.02,timeout,267
1971,-54.3,600,0.02,timeout,267
1972,-76.45,600,0.02,timeout,267
1973,-65.25,600,0.02,timeout,267
1974,-60.32,600,0.02,timeout,267
1975,-81.45,600,0.02,timeout,267
1976,-86.83,600,0.02,timeout,267
1977,-69.84,600,0.02,timeout,267
1978,-73.08,600,0.02,timeout,267
1979,-69.66,600,0.02,timeout,267
1980,-63.37,600,0.02,timeout,267
1981,-104.91,334,0.02,enemy,267
1982,-52.04,600,0.02,timeout,267
1983,-44.84,600,0.02,timeout,267
1984,-47.47,600,0.02,timeout,267
1985,-52.4,600,0.02,timeout,267
1986,-114.6,325,0.02,enemy,267
1987,-66.0,600,0.02,timeout,267
1988,-58.21,600,0.02,timeout,267
1989,-50.03,600,0.02,timeout,267
1990,-70.32,600,0.02,timeout,267
1991,-105.27,391,0.02,enemy,267
1992,-76.7,600,0.02,timeout,267
1993,-76.61,600,0.02,timeout,267
1994,-60.82,600,0.02,timeout,267
1995,-61.29,600,0.02,timeout,267
1996,-60.32,600,0.02,timeout,267
1997,-52.42,600,0.02,timeout,267
1998,-60.69,600,0.02,timeout,267
1999,-61.83,600,0.02,timeout,267
2000,-63.7,600,0.02,timeout,267
2001,-62.5,600,0.02,timeout,267
2002,-70.75,600,0.02,timeout,267
2003,-58.65,600,0.02,timeout,267
2004,-57.46,600,0.02,timeout,267
2005,-47.05,600,0.02,timeout,267
2006,-58.46,600,0.02,timeout,267
2007,-85.1,326,0.02,enemy,267
2008,-68.0,600,0.02,timeout,267
2009,-48.02,600,0.02,timeout,267
2010,-76.48,600,0.02,timeout,267
2011,-61.08,600,0.02,timeout,267
2012,-73.15,600,0.02,timeout,267
2013,-60.22,600,0.02,timeout,267
2014,-41.52,600,0.02,timeout,267
2015,-100.23,600,0.02,timeout,267
2016,-71.54,600,0.02,timeout,267
2017,246.35,600,0.02,success,267
2018,255.68,600,0.02,success,267
2019,-42.43,600,0.02,timeout,267
2020,-61.84,600,0.02,timeout,267
2021,-88.36,600,0.02,timeout,267
2022,-75.06,600,0.02,timeout,267
2023,-81.73,600,0.02,timeout,267
2024,-65.16,600,0.02,timeout,267
2025,-72.55,600,0.02,timeout,267
2026,-48.36,600,0.02,timeout,267
2027,-59.26,600,0.02,timeout,267
2028,-62.57,600,0.02,timeout,267
2029,-77.86,600,0.02,timeout,267
2030,-92.53,243,0.02,enemy,267
2031,-68.38,600,0.02,timeout,267
2032,-104.33,408,0.02,enemy,267
2033,-78.82,600,0.02,timeout,267
2034,-71.65,600,0.02,timeout,267
2035,-141.42,553,0.02,enemy,267
2036,-167.7,571,0.02,enemy,267
2037,-70.16,600,0.02,timeout,267
2038,-65.98,600,0.02,timeout,267
2039,-77.8,600,0.02,timeout,267
2040,-61.92,600,0.02,timeout,267
2041,-74.65,600,0.02,timeout,267
2042,-56.73,600,0.02,timeout,267
2043,-63.8,600,0.02,timeout,267
2044,-107.17,396,0.02,enemy,267
2045,-54.5,600,0.02,timeout,267
2046,-60.7,600,0.02,timeout,267
2047,-55.64,600,0.02,timeout,267
2048,-88.34,600,0.02,timeout,267
2049,-55.78,600,0.02,timeout,267
2050,-46.4,600,0.02,timeout,267
2051,-60.81,600,0.02,timeout,267
2052,-62.61,600,0.02,timeout,267
2053,-76.6,600,0.02,timeout,267
2054,-54.86,600,0.02,timeout,267
2055,-53.29,600,0.02,timeout,267
2056,-51.9,600,0.02,timeout,267
2057,-64.85,600,0.02,timeout,267
2058,-63.53,600,0.02,timeout,267
2059,-61.05,600,0.02,timeout,267
2060,-57.74,600,0.02,timeout,267
2061,-65.04,600,0.02,timeout,267
2062,-52.93,600,0.02,timeout,267
2063,-54.93,600,0.02,timeout,267
2064,-59.11,600,0.02,timeout,267
2065,-55.1,600,0.02,timeout,267
2066,-53.7,600,0.02,timeout,267
2067,-101.32,355,0.02,enemy,267
2068,-54.22,600,0.02,timeout,267
2069,-65.75,600,0.02,timeout,267
2070,-68.64,600,0.02,timeout,267
2071,-62.01,600,0.02,timeout,267
2072,-69.43,600,0.02,timeout,267
2073,-144.74,501,0.02,enemy,267
2074,-55.93,600,0.02,timeout,267
2075,-62.18,600,0.02,timeout,267
2076,-56.76,600,0.02,timeout,267
2077,-51.0,600,0.02,timeout,267
2078,-62.64,600,0.02,timeout,267
2079,-91.6,255,0.02,enemy,267
2080,-60.28,84,0.02,enemy,267
2081,-56.85,600,0.02,timeout,267
2082,-60.0,600,0.02,timeout,267
2083,-63.07,600,0.02,timeout,267
2084,-56.79,600,0.02,timeout,267
2085,-61.95,600,0.02,timeout,267
2086,-40.35,600,0.02,timeout,267
2087,-69.2,600,0.02,timeout,267
2088,-76.43,600,0.02,timeout,267
2089,-62.87,600,0.02,timeout,267
2090,-62.82,600,0.02,timeout,267
2091,-89.12,600,0.02,timeout,267
2092,-63.34,600,0.02,timeout,267
2093,-61.67,121,0.02,enemy,267
2094,-75.8,600,0.02,timeout,267
2095,-46.35,600,0.02,timeout,267
2096,-71.05,600,0.02,timeout,267
2097,-65.59,600,0.02,timeout,267
2098,-50.15,600,0.02,timeout,267
2099,-54.31,600,0.02,timeout,267
2100,-61.31,600,0.02,timeout,267
2101,-60.84,600,0.02,timeout,267
2102,-68.63,600,0.02,timeout,267
2103,-61.07,600,0.02,timeout,267
2104,-75.01,600,0.02,timeout,267
2105,-64.53,600,0.02,timeout,267
2106,-65.12,600,0.02,timeout,267
2107,-62.02,600,0.02,timeout,267
2108,-78.13,600,0.02,timeout,267
2109,-79.97,600,0.02,timeout,267
2110,-87.37,600,0.02,timeout,267
2111,-87.37,265,0.02,enemy,267
2112,-62.17,600,0.02,timeout,267
2113,-96.17,299,0.02,enemy,267
2114,-61.42,600,0.02,timeout,267
2115,-75.32,600,0.02,timeout,267
2116,-58.58,600,0.02,timeout,267
2117,-61.93,600,0.02,timeout,267
2118,-58.04,600,0.02,timeout,267
2119,-56.24,600,0.02,timeout,267
2120,-48.74,600,0.02,timeout,267
2121,-53.28,600,0.02,timeout,267
2122,-57.36,600,0.02,timeout,267
2123,-59.85,600,0.02,timeout,267
2124,-54.6,600,0.02,timeout,267
2125,-57.33,600,0.02,timeout,267
2126,-55.02,600,0.02,timeout,267
2127,-68.78,600,0.02,timeout,267
2128,-61.12,600,0.02,timeout,267
2129,-66.19,600,0.02,timeout,267
2130,-76.28,600,0.02,timeout,267
2131,-59.28,600,0.02,timeout,267
2132,-99.01,333,0.02,enemy,267
2133,-66.75,600,0.02,timeout,267
2134,-123.8,488,0.02,enemy,267
2135,-57.93,600,0.02,timeout,267
2136,-63.7,600,0.02,timeout,267
2137,-107.11,390,0.02,enemy,267
2138,-75.46,600,0.02,timeout,267
2139,-58.82,600,0.02,timeout,267
2140,-66.86,600,0.02,timeout,267
2141,-61.95,600,0.02,timeout,267
2142,-52.9,600,0.02,timeout,267
2143,-54.45,600,0.02,timeout,267
2144,-53.3,600,0.02,timeout,267
2145,-59.34,600,0.02,timeout,267
2146,-61.35,600,0.02,timeout,267
2147,-44.54,600,0.02,timeout,267
2148,-30.65,600,0.02,timeout,267
2149,-79.54,600,0.02,timeout,267
2150,-69.85,600,0.02,timeout,267
2151,-61.9,600,0.02,timeout,267
2152,-64.55,600,0.02,timeout,267
2153,-54.58,600,0.02,timeout,267
2154,-75.8,600,0.02,timeout,267
2155,-125.23,478,0.02,enemy,267
2156,-55.5,600,0.02,timeout,267
2157,-64.93,600,0.02,timeout,267
2158,-68.53,600,0.02,timeout,267
2159,-37.07,600,0.02,timeout,267
2160,-36.77,600,0.02,timeout,267
2161,-50.21,600,0.02,timeout,267
2162,-110.65,600,0.02,timeout,267
2163,-80.05,600,0.02,timeout,267
2164,-75.3,600,0.02,timeout,267
2165,-40.05,600,0.02,timeout,267
2166,-51.14,600,0.02,timeout,267
2167,-137.04,600,0.02,timeout,267
2168,-45.14,600,0.02,timeout,267
2169,-66.5,600,0.02,timeout,267
2170,-100.2,600,0.02,timeout,267
2171,-53.2,600,0.02,timeout,267
2172,-81.24,600,0.02,timeout,267
2173,-86.27,600,0.02,timeout,267
2174,-56.25,600,0.02,timeout,267
2175,-51.22,600,0.02,timeout,267
2176,-44.8,600,0.02,timeout,267
2177,256.84,600,0.02,success,267
2178,-35.85,600,0.02,timeout,267
2179,-65.97,600,0.02,timeout,267
2180,-43.73,600,0.02,timeout,267
2181,-44.28,600,0.02,timeout,267
2182,-73.1,600,0.02,timeout,267
2183,-48.24,600,0.02,timeout,267
2184,-53.05,600,0.02,timeout,267
2185,-106.43,310,0.02,enemy,267
2186,-55.9,600,0.02,timeout,267
2187,-64.06,600,0.02,timeout,267
2188,-114.98,401,0.02,enemy,267
2189,-47.79,600,0.02,timeout,267
2190,-58.94,600,0.02,timeout,267
2191,-89.83,600,0.02,timeout,267
2192,-65.82,600,0.02,timeout,267
2193,-73.67,600,0.02,timeout,267
2194,-58.35,600,0.02,timeout,267
2195,-51.18,600,0.02,timeout,267
2196,-54.58,600,0.02,timeout,267
2197,-53.78,600,0.02,timeout,267
2198,-57.75,600,0.02,timeout,267
2199,-62.68,600,0.02,timeout,267
2200,-60.4,600,0.02,timeout,267
2201,-70.96,600,0.02,timeout,267
2202,-134.18,552,0.02,enemy,267
2203,-55.06,600,0.02,timeout,267
2204,-62.74,600,0.02,timeout,267
2205,-67.21,600,0.02,timeout,267
2206,-57.48,600,0.02,timeout,267
2207,-48.76,600,0.02,timeout,267
2208,-64.08,600,0.02,timeout,267
2209,-70.23,600,0.02,timeout,267
2210,-56.23,600,0.02,timeout,267
2211,-71.85,600,0.02,timeout,267
2212,-71.61,600,0.02,timeout,267
2213,-46.31,600,0.02,timeout,267
2214,-60.38,600,0.02,timeout,267
2215,-68.62,600,0.02,timeout,267
2216,-71.1,600,0.02,timeout,267
2217,-68.93,600,0.02,timeout,267
2218,-73.19,600,0.02,timeout,267
2219,-68.0,600,0.02,timeout,267
2220,-70.14,600,0.02,timeout,267
2221,-61.71,600,0.02,timeout,267
2222,-66.36,600,0.02,timeout,267
2223,-57.49,600,0.02,timeout,267
2224,-51.39,600,0.02,timeout,267
2225,-71.45,600,0.02,timeout,267
2226,-73.84,600,0.02,timeout,267
2227,-62.8,600,0.02,timeout,267
2228,-61.6,600,0.02,timeout,267
2229,-77.0,600,0.02,timeout,267
2230,-67.68,600,0.02,timeout,267
2231,-57.94,600,0.02,timeout,267
2232,-89.94,600,0.02,timeout,267
2233,-55.3,600,0.02,timeout,267
2234,-79.06,600,0.02,timeout,267
2235,-50.65,600,0.02,timeout,267
2236,-65.36,600,0.02,timeout,267
2237,-104.2,600,0.02,timeout,267
2238,-75.23,600,0.02,timeout,267
2239,-67.54,600,0.02,timeout,267
2240,-60.35,600,0.02,timeout,267
2241,-63.79,600,0.02,timeout,267
2242,-65.37,600,0.02,timeout,267
2243,-64.17,600,0.02,timeout,267
2244,-55.74,600,0.02,timeout,267
2245,-60.45,600,0.02,timeout,267
2246,-74.0,600,0.02,timeout,267
2247,-51.84,600,0.02,timeout,267
2248,-36.99,600,0.02,timeout,267
2249,-56.59,600,0.02,timeout,267
2250,-48.82,600,0.02,timeout,267
2251,-65.29,600,0.02,timeout,267
2252,-81.91,600,0.02,timeout,267
2253,-87.44,600,0.02,timeout,267
2254,-82.04,600,0.02,timeout,267
2255,-78.84,600,0.02,timeout,267
2256,-85.13,600,0.02,timeout,267
2257,-86.11,600,0.02,timeout,267
2258,-80.03,600,0.02,timeout,267
2259,-79.97,600,0.02,timeout,267
2260,-78.93,600,0.02,timeout,267
2261,-48.63,600,0.02,timeout,267
2262,-82.45,600,0.02,timeout,267
2263,-87.0,600,0.02,timeout,267
2264,-74.55,600,0.02,timeout,267
2265,-61.14,91,0.02,enemy,267
2266,-93.95,600,0.02,timeout,267
2267,-77.3,600,0.02,timeout,267
2268,-54.49,600,0.02,timeout,267
2269,-50.8,600,0.02,timeout,267
2270,-60.07,600,0.02,timeout,267
2271,-86.87,600,0.02,timeout,267
2272,-73.97,600,0.02,timeout,267
2273,-61.74,600,0.02,timeout,267
2274,-72.2,600,0.02,timeout,267
2275,-64.14,600,0.02,timeout,267
2276,-78.02,600,0.02,timeout,267
2277,-50.94,600,0.02,timeout,267
2278,-85.84,600,0.02,timeout,267
2279,-58.67,600,0.02,timeout,267
2280,251.38,600,0.02,success,267
2281,-31.22,600,0.02,timeout,267
2282,-43.23,600,0.02,timeout,267
2283,-55.6,600,0.02,timeout,267
2284,-85.66,262,0.02,enemy,267
2285,-69.35,600,0.02,timeout,267
2286,-52.87,600,0.02,timeout,267
2287,-62.5,600,0.02,timeout,267
2288,-66.91,600,0.02,timeout,267
2289,-61.41,600,0.02,timeout,267
2290,-70.19,600,0.02,timeout,267
2291,-62.72,600,0.02,timeout,267
2292,-63.51,600,0.02,timeout,267
2293,-96.31,600,0.02,timeout,267
2294,-70.26,600,0.02,timeout,267
2295,-67.0,600,0.02,timeout,267
2296,-94.28,600,0.02,timeout,267
2297,-65.8,600,0.02,timeout,267
2298,-57.06,600,0.02,timeout,267
2299,-63.1,600,0.02,timeout,267
2300,-55.58,600,0.02,timeout,267
2301,-69.27,600,0.02,timeout,267
2302,-58.35,600,0.02,timeout,267
2303,-90.65,600,0.02,timeout,267
2304,-60.54,600,0.02,timeout,267
2305,-69.94,600,0.02,timeout,267
2306,-79.65,600,0.02,timeout,267
2307,-63.58,600,0.02,timeout,267
2308,-52.1,600,0.02,timeout,267
2309,-55.93,600,0.02,timeout,267
2310,-80.65,600,0.02,timeout,267
2311,-41.44,600,0.02,timeout,267
2312,-70.34,600,0.02,timeout,267
2313,-39.53,600,0.02,timeout,267
2314,-67.47,600,0.02,timeout,267
2315,-69.25,600,0.02,timeout,267
2316,-64.49,600,0.02,timeout,267
2317,-66.49,600,0.02,timeout,267
2318,-68.91,600,0.02,timeout,267
2319,-85.6,250,0.02,enemy,267
2320,-70.39,600,0.02,timeout,267
2321,-59.26,600,0.02,timeout,267
2322,-66.23,600,0.02,timeout,267
2323,-65.37,600,0.02,timeout,267
2324,-81.38,600,0.02,timeout,267
2325,-70.18,600,0.02,timeout,267
2326,-74.5,600,0.02,timeout,267
2327,-73.05,151,0.02,enemy,267
2328,-58.22,600,0.02,timeout,267
2329,-55.07,600,0.02,timeout,267
2330,-133.54,549,0.02,enemy,267
2331,-95.0,311,0.02,enemy,267
2332,-57.45,600,0.02,timeout,267
2333,-53.06,600,0.02,timeout,267
2334,-60.48,600,0.02,timeout,267
2335,-62.93,600,0.02,timeout,267
2336,-74.52,236,0.02,enemy,267
2337,-53.17,600,0.02,timeout,267
2338,-62.44,600,0.02,timeout,267
2339,-52.38,600,0.02,timeout,267
2340,-65.37,600,0.02,timeout,267
2341,-80.6,172,0.02,enemy,267
2342,-60.07,600,0.02,timeout,267
2343,-52.03,600,0.02,timeout,267
2344,-50.52,600,0.02,timeout,267
2345,-60.08,600,0.02,timeout,267
2346,-102.2,413,0.02,enemy,267
2347,-51.68,600,0.02,timeout,267
2348,-59.2,600,0.02,timeout,267
2349,-64.7,133,0.02,enemy,267
2350,-30.34,600,0.02,timeout,267
2351,-66.34,600,0.02,timeout,267
2352,-63.84,600,0.02,timeout,267
2353,-51.3,600,0.02,timeout,267
2354,-130.52,470,0.02,enemy,267
2355,-125.45,495,0.02,enemy,267
2356,-76.51,175,0.02,enemy,267
2357,-71.21,600,0.02,timeout,267
2358,-52.1,600,0.02,timeout,267
2359,-53.66,600,0.02,timeout,267
2360,-48.12,600,0.02,timeout,267
2361,-54.74,600,0.02,timeout,267
2362,-63.84,600,0.02,timeout,267
2363,-58.6,600,0.02,timeout,267
2364,-43.23,600,0.02,timeout,267
2365,-52.78,600,0.02,timeout,267
2366,-68.6,600,0.02,timeout,267
2367,-40.34,600,0.02,timeout,267
2368,-100.63,600,0.02,timeout,267
2369,-36.26,600,0.02,timeout,267
2370,-56.78,600,0.02,timeout,267
2371,-47.88,600,0.02,timeout,267
2372,-66.45,600,0.02,timeout,267
2373,-58.05,600,0.02,timeout,267
2374,-53.43,600,0.02,timeout,267
2375,-70.35,600,0.02,timeout,267
2376,-63.27,600,0.02,timeout,267
2377,-48.15,600,0.02,timeout,267
2378,-54.15,600,0.02,timeout,267
2379,-71.28,600,0.02,timeout,267
2380,-53.56,600,0.02,timeout,267
2381,-55.48,600,0.02,timeout,267
2382,-63.72,600,0.02,timeout,267
2383,-76.08,600,0.02,timeout,267
2384,-70.75,600,0.02,timeout,267
2385,-74.05,600,0.02,timeout,267
2386,-82.41,600,0.02,timeout,267
2387,-55.68,600,0.02,timeout,267
2388,-58.76,600,0.02,timeout,267
2389,-44.26,600,0.02,timeout,267
2390,-57.88,600,0.02,timeout,267
2391,-54.03,600,0.02,timeout,267
2392,-61.93,600,0.02,timeout,267
2393,-55.49,600,0.02,timeout,267
2394,-84.49,226,0.02,enemy,267
2395,-55.23,600,0.02,timeout,267
2396,-54.75,600,0.02,timeout,267
2397,-54.61,600,0.02,timeout,267
2398,-127.21,555,0.02,enemy,267
2399,-55.03,600,0.02,timeout,267
2400,-45.37,600,0.02,timeout,267
2401,-59.27,600,0.02,timeout,267
2402,-56.69,600,0.02,timeout,267
2403,-130.9,453,0.02,enemy,267
2404,-59.27,600,0.02,timeout,267
2405,-68.37,600,0.02,timeout,267
2406,-72.2,600,0.02,timeout,267
2407,-71.06,600,0.02,timeout,267
2408,-65.46,600,0.02,timeout,267
2409,-77.95,600,0.02,timeout,267
2410,-54.67,600,0.02,timeout,267
2411,-62.08,600,0.02,timeout,267
2412,-52.33,600,0.02,timeout,267
2413,-62.57,600,0.02,timeout,267
2414,-52.03,600,0.02,timeout,267
2415,-54.44,600,0.02,timeout,267
2416,-49.33,600,0.02,timeout,267
2417,-51.48,600,0.02,timeout,267
2418,-81.05,600,0.02,timeout,267
2419,-50.23,600,0.02,timeout,267
2420,-51.47,600,0.02,timeout,267
2421,-51.73,600,0.02,timeout,267
2422,-58.8,600,0.02,timeout,267
2423,-44.38,600,0.02,timeout,267
2424,-56.93,600,0.02,timeout,267
2425,-72.34,600,0.02,timeout,267
2426,-78.02,600,0.02,timeout,267
2427,-88.1,232,0.02,enemy,267
2428,-55.58,600,0.02,timeout,267
2429,-54.68,600,0.02,timeout,267
2430,-55.17,600,0.02,timeout,267
2431,-40.94,600,0.02,timeout,267
2432,-76.54,600,0.02,timeout,267
2433,-69.34,600,0.02,timeout,267
2434,-80.24,600,0.02,timeout,267
2435,-102.15,600,0.02,timeout,267
2436,-73.19,600,0.02,timeout,267
2437,-90.52,600,0.02,timeout,267
2438,-42.84,600,0.02,timeout,267
2439,-106.91,600,0.02,timeout,267
2440,-107.1,600,0.02,timeout,267
2441,-41.82,600,0.02,timeout,267
2442,-50.46,600,0.02,timeout,267
2443,-52.98,600,0.02,timeout,267
2444,-52.38,600,0.02,timeout,267
2445,-66.85,600,0.02,timeout,267
2446,-113.3,397,0.02,enemy,267
2447,-70.45,600,0.02,timeout,267
2448,-56.58,600,0.02,timeout,267
2449,-67.08,600,0.02,timeout,267
2450,-80.34,600,0.02,timeout,267
2451,-80.35,600,0.02,timeout,267
2452,-78.6,600,0.02,timeout,267
2453,-41.08,600,0.02,timeout,267
2454,-59.26,600,0.02,timeout,267
2455,-58.54,600,0.02,timeout,267
2456,-52.07,600,0.02,timeout,267
2457,-61.6,600,0.02,timeout,267
2458,-48.3,600,0.02,timeout,267
2459,-44.85,600,0.02,timeout,267
2460,-43.05,600,0.02,timeout,267
2461,-57.74,600,0.02,timeout,267
2462,-56.01,69,0.02,enemy,267
2463,-55.78,600,0.02,timeout,267
2464,-62.97,600,0.02,timeout,267
2465,-69.13,600,0.02,timeout,267
2466,-63.5,600,0.02,timeout,267
2467,-63.7,600,0.02,timeout,267
2468,-61.74,600,0.02,timeout,267
2469,-70.65,600,0.02,timeout,267
2470,-80.02,600,0.02,timeout,267
2471,-66.81,600,0.02,timeout,267
2472,-64.03,600,0.02,timeout,267
2473,-72.8,600,0.02,timeout,267
2474,-71.55,600,0.02,timeout,267
2475,-70.95,600,0.02,timeout,267
2476,-58.96,600,0.02,timeout,267
2477,-92.65,271,0.02,enemy,267
2478,-141.63,493,0.02,enemy,267
2479,-67.3,600,0.02,timeout,267
2480,-46.18,600,0.02,timeout,267
2481,-58.33,600,0.02,timeout,267
2482,-75.6,600,0.02,timeout,267
2483,-74.9,600,0.02,timeout,267
2484,-74.95,600,0.02,timeout,267
2485,-64.65,600,0.02,timeout,267
2486,-70.98,600,0.02,timeout,267
2487,-64.05,600,0.02,timeout,267
2488,-75.5,600,0.02,timeout,267
2489,-57.38,600,0.02,timeout,267
2490,-64.98,600,0.02,timeout,267
2491,-57.44,600,0.02,timeout,267
2492,-69.77,600,0.02,timeout,267
2493,-66.48,600,0.02,timeout,267
2494,-58.65,600,0.02,timeout,267
2495,-51.54,600,0.02,timeout,267
2496,-55.12,600,0.02,timeout,267
2497,-52.23,600,0.02,timeout,267
2498,-80.34,600,0.02,timeout,267
2499,-115.96,600,0.02,timeout,267
2500,-147.36,600,0.02,timeout,267
2501,-202.44,600,0.02,timeout,267
2502,-213.59,600,0.02,timeout,267
2503,-123.5,600,0.02,timeout,267
2504,-242.53,600,0.02,timeout,267
2505,-95.14,600,0.02,timeout,267
2506,-148.3,600,0.02,timeout,267
2507,-92.27,279,0.02,enemy,267
2508,-178.45,600,0.02,timeout,267
2509,-126.65,600,0.02,timeout,267
2510,-115.59,600,0.02,timeout,267
2511,-102.55,600,0.02,timeout,267
2512,-158.89,600,0.02,timeout,267
2513,-78.92,600,0.02,timeout,267
2514,-93.96,600,0.02,timeout,267
2515,-100.0,600,0.02,timeout,267
2516,-155.7,479,0.02,enemy,267
2517,-70.15,600,0.02,timeout,267
2518,-92.74,600,0.02,timeout,267
2519,-83.95,600,0.02,timeout,267
2520,-75.2,600,0.02,timeout,267
2521,-78.2,600,0.02,timeout,267
2522,-83.56,600,0.02,timeout,267
2523,-83.7,600,0.02,timeout,267
2524,-95.06,600,0.02,timeout,267
2525,-79.26,600,0.02,timeout,267
2526,-89.86,600,0.02,timeout,267
2527,-66.1,600,0.02,timeout,267
2528,-79.5,600,0.02,timeout,267
2529,-106.78,600,0.02,timeout,267
2530,-63.7,600,0.02,timeout,267
2531,-111.12,412,0.02,enemy,267
2532,-92.22,600,0.02,timeout,267
2533,-51.75,600,0.02,timeout,267
2534,-64.66,600,0.02,timeout,267
2535,-123.05,452,0.02,enemy,267
2536,-52.25,600,0.02,timeout,267
2537,-66.48,600,0.02,timeout,267
2538,-80.45,600,0.02,timeout,267
2539,-66.34,600,0.02,timeout,267
2540,-74.05,600,0.02,timeout,267
2541,-59.53,600,0.02,timeout,267
2542,-66.74,600,0.02,timeout,267
2543,-68.8,600,0.02,timeout,267
2544,-73.15,600,0.02,timeout,267
2545,-63.7,600,0.02,timeout,267
2546,-101.1,417,0.02,enemy,267
2547,-62.69,600,0.02,timeout,267
2548,-87.69,600,0.02,timeout,267
2549,-67.43,600,0.02,timeout,267
2550,-61.65,600,0.02,timeout,267
2551,-55.88,600,0.02,timeout,267
2552,-70.04,600,0.02,timeout,267
2553,-37.03,600,0.02,timeout,267
2554,-63.7,600,0.02,timeout,267
2555,-61.35,600,0.02,timeout,267
2556,-51.74,600,0.02,timeout,267
2557,-75.3,600,0.02,timeout,267
2558,-47.0,600,0.02,timeout,267
2559,-37.56,600,0.02,timeout,267
2560,-80.03,600,0.02,timeout,267
2561,-79.08,600,0.02,timeout,267
2562,-22.19,600,0.02,timeout,267
2563,-56.08,600,0.02,timeout,267
2564,-43.88,600,0.02,timeout,267
2565,-78.01,600,0.02,timeout,267
2566,-57.09,600,0.02,timeout,267
2567,-64.09,600,0.02,timeout,267
2568,-66.98,600,0.02,timeout,267
2569,-45.88,600,0.02,timeout,267
2570,-39.18,600,0.02,timeout,267
2571,-75.51,600,0.02,timeout,267
2572,-42.99,600,0.02,timeout,267
2573,-49.19,600,0.02,timeout,267
2574,-37.3,600,0.02,timeout,267
2575,-81.99,600,0.02,timeout,267
2576,-72.9,600,0.02,timeout,267
2577,-64.68,600,0.02,timeout,267
2578,-52.28,600,0.02,timeout,267
2579,255.21,600,0.02,success,267
2580,266.73,600,0.02,success,267
2581,-37.42,600,0.02,timeout,267
2582,-31.52,600,0.02,timeout,267
2583,511.74,600,0.02,success,267
2584,-31.73,600,0.02,timeout,267
2585,273.71,600,0.02,success,267
2586,207.67,300,0.02,success,267
2587,200.1,600,0.02,success,267
2588,-80.03,600,0.02,timeout,267
2589,-80.26,600,0.02,timeout,267
2590,-86.21,600,0.02,timeout,267
2591,-86.1,600,0.02,timeout,267
2592,-76.53,600,0.02,timeout,267
2593,222.83,600,0.02,success,267
2594,-45.42,600,0.02,timeout,267
2595,-40.83,600,0.02,timeout,267
2596,-80.63,600,0.02,timeout,267
2597,212.79,600,0.02,success,267
2598,-85.76,600,0.02,timeout,267
2599,-87.54,600,0.02,timeout,267
2600,-79.95,600,0.02,timeout,267
2601,-75.52,600,0.02,timeout,267
2602,-42.03,600,0.02,timeout,267
2603,-41.73,600,0.02,timeout,267
2604,-62.01,600,0.02,timeout,267
2605,551.37,600,0.02,success,267
2606,-51.64,600,0.02,timeout,267
2607,257.86,600,0.02,success,267
2608,-46.23,600,0.02,timeout,267
2609,-50.95,600,0.02,timeout,267
2610,214.71,600,0.02,success,267
2611,-25.82,600,0.02,timeout,267
2612,210.91,600,0.02,success,267
2613,264.15,600,0.02,success,267
2614,-41.82,600,0.02,timeout,267
2615,-46.12,600,0.02,timeout,267
2616,-48.3,600,0.02,timeout,267
2617,-99.36,241,0.02,enemy,267
2618,-31.57,600,0.02,timeout,267
2619,-51.86,600,0.02,timeout,267
2620,-50.15,600,0.02,timeout,267
2621,-67.02,600,0.02,timeout,267
2622,-60.65,600,0.02,timeout,267
2623,-66.0,600,0.02,timeout,267
2624,-69.72,600,0.02,timeout,267
2625,-41.64,600,0.02,timeout,267
2626,-76.8,600,0.02,timeout,267
2627,532.7,600,0.02,success,267
2628,-41.43,600,0.02,timeout,267
2629,-49.15,600,0.02,timeout,267
2630,-46.01,600,0.02,timeout,267
2631,-55.95,600,0.02,timeout,267
2632,-68.95,600,0.02,timeout,267
2633,-59.18,600,0.02,timeout,267
2634,-69.2,600,0.02,timeout,267
2635,-43.92,600,0.02,timeout,267
2636,-56.01,600,0.02,timeout,267
2637,-114.17,600,0.02,timeout,267
2638,-50.32,600,0.02,timeout,267
2639,-64.23,600,0.02,timeout,267
2640,-56.53,600,0.02,timeout,267
2641,-40.34,600,0.02,timeout,267
2642,-43.65,600,0.02,timeout,267
2643,-55.3,600,0.02,timeout,267
2644,221.53,600,0.02,success,267
2645,-51.25,600,0.02,timeout,267
2646,-69.85,600,0.02,timeout,267
2647,-56.25,600,0.02,timeout,267
2648,-60.1,600,0.02,timeout,267
2649,-101.09,600,0.02,timeout,267
2650,-75.96,600,0.02,timeout,267
2651,-198.86,600,0.02,timeout,267
2652,-94.54,600,0.02,timeout,267
2653,-115.14,600,0.02,timeout,267
2654,-88.98,600,0.02,timeout,267
2655,-93.34,600,0.02,timeout,267
2656,-46.0,600,0.02,timeout,267
2657,-51.79,600,0.02,timeout,267
2658,-54.14,600,0.02,timeout,267
2659,-70.7,600,0.02,timeout,267
2660,-72.98,600,0.02,timeout,267
2661,-73.54,600,0.02,timeout,267
2662,-51.71,600,0.02,timeout,267
2663,-37.22,600,0.02,timeout,267
2664,-68.9,600,0.02,timeout,267
2665,-46.04,600,0.02,timeout,267
2666,-75.36,600,0.02,timeout,267
2667,-82.8,600,0.02,timeout,267
2668,-91.54,600,0.02,timeout,267
2669,-41.85,600,0.02,timeout,267
2670,-65.53,600,0.02,timeout,267
2671,-65.8,600,0.02,timeout,267
2672,-60.08,600,0.02,timeout,267
2673,-36.48,600,0.02,timeout,267
2674,-126.03,600,0.02,timeout,267
2675,-52.33,600,0.02,timeout,267
2676,-85.99,600,0.02,timeout,267
2677,-73.7,600,0.02,timeout,267
2678,-85.25,600,0.02,timeout,267
2679,-56.08,600,0.02,timeout,267
2680,-112.7,600,0.02,timeout,267
2681,-66.71,600,0.02,timeout,267
2682,-76.18,600,0.02,timeout,267
2683,-41.63,600,0.02,timeout,267
2684,-76.4,600,0.02,timeout,267
2685,-112.54,600,0.02,timeout,267
2686,-84.44,600,0.02,timeout,267
2687,-94.73,600,0.02,timeout,267
2688,-94.45,600,0.02,timeout,267
2689,-80.7,600,0.02,timeout,267
2690,-57.24,600,0.02,timeout,267
2691,-73.09,600,0.02,timeout,267
2692,-62.99,600,0.02,timeout,267
2693,-66.7,600,0.02,timeout,267
2694,-68.51,600,0.02,timeout,267
2695,-61.65,600,0.02,timeout,267
2696,-87.55,600,0.02,timeout,267
2697,-63.05,600,0.02,timeout,267
2698,-50.61,600,0.02,timeout,267
2699,-79.3,600,0.02,timeout,267
2700,-83.49,600,0.02,timeout,267
2701,-63.95,600,0.02,timeout,267
2702,-64.15,600,0.02,timeout,267
2703,-86.6,251,0.02,enemy,267
2704,-65.8,600,0.02,timeout,267
2705,-53.44,600,0.02,timeout,267
2706,-55.93,600,0.02,timeout,267
2707,-82.86,600,0.02,timeout,267
2708,-63.09,600,0.02,timeout,267
2709,-68.62,600,0.02,timeout,267
2710,-77.54,600,0.02,timeout,267
2711,-64.3,600,0.02,timeout,267
2712,-97.55,600,0.02,timeout,267
2713,-70.44,600,0.02,timeout,267
2714,-63.37,600,0.02,timeout,267
2715,-60.38,600,0.02,timeout,267
2716,-35.63,600,0.02,timeout,267
2717,219.36,600,0.02,success,267
2718,-35.03,600,0.02,timeout,267
2719,-122.43,600,0.02,timeout,267
2720,-164.13,600,0.02,timeout,267
2721,-97.03,600,0.02,timeout,267
2722,-137.94,600,0.02,timeout,267
2723,-63.1,600,0.02,timeout,267
2724,-76.84,600,0.02,timeout,267
2725,-79.47,600,0.02,timeout,267
2726,-65.85,600,0.02,timeout,267
2727,-93.34,600,0.02,timeout,267
2728,-61.55,600,0.02,timeout,267
2729,-62.14,600,0.02,timeout,267
2730,-71.56,600,0.02,timeout,267
2731,-62.74,600,0.02,timeout,267
2732,-75.5,600,0.02,timeout,267
2733,-64.65,600,0.02,timeout,267
2734,-59.8,600,0.02,timeout,267
2735,-33.05,600,0.02,timeout,267
2736,-52.74,600,0.02,timeout,267
2737,-118.0,600,0.02,timeout,267
2738,-42.15,600,0.02,timeout,267
2739,-57.38,600,0.02,timeout,267
2740,-58.74,600,0.02,timeout,267
2741,-44.55,600,0.02,timeout,267
2742,-61.3,600,0.02,timeout,267
2743,-61.35,600,0.02,timeout,267
2744,-83.4,600,0.02,timeout,267
2745,-48.74,600,0.02,timeout,267
2746,-52.66,600,0.02,timeout,267
2747,-60.92,600,0.02,timeout,267
2748,-69.45,600,0.02,timeout,267
2749,-157.14,573,0.02,enemy,267
2750,-64.35,600,0.02,timeout,267
2751,-74.87,600,0.02,timeout,267
2752,-64.51,600,0.02,timeout,267
2753,-76.75,600,0.02,timeout,267
2754,-67.3,600,0.02,timeout,267
2755,-64.65,600,0.02,timeout,267
2756,-57.07,600,0.02,timeout,267
2757,-68.32,600,0.02,timeout,267
2758,-107.24,294,0.02,enemy,267
2759,-78.65,600,0.02,timeout,267
2760,-80.91,600,0.02,timeout,267
2761,-79.4,600,0.02,timeout,267
2762,-67.05,600,0.02,timeout,267
2763,-77.57,600,0.02,timeout,267
2764,-72.75,600,0.02,timeout,267
2765,-48.24,600,0.02,timeout,267
2766,-83.03,600,0.02,timeout,267
2767,-81.72,600,0.02,timeout,267
2768,-40.35,600,0.02,timeout,267
2769,-77.6,600,0.02,timeout,267
2770,-74.63,600,0.02,timeout,267
2771,-86.67,600,0.02,timeout,267
2772,-76.62,600,0.02,timeout,267
2773,-74.95,600,0.02,timeout,267
2774,-64.6,600,0.02,timeout,267
2775,-65.2,600,0.02,timeout,267
2776,-48.64,600,0.02,timeout,267
2777,-57.98,600,0.02,timeout,267
2778,-70.38,600,0.02,timeout,267
2779,-59.4,600,0.02,timeout,267
2780,258.67,600,0.02,success,267
2781,-69.96,600,0.02,timeout,267
2782,-72.22,600,0.02,timeout,267
2783,-60.98,600,0.02,timeout,267
2784,-29.44,600,0.02,timeout,267
2785,-77.46,600,0.02,timeout,267
2786,-67.9,600,0.02,timeout,267
2787,-92.63,600,0.02,timeout,267
2788,-62.92,600,0.02,timeout,267
2789,-30.12,600,0.02,timeout,267
2790,-70.69,600,0.02,timeout,267
2791,-59.75,600,0.02,timeout,267
2792,-63.67,600,0.02,timeout,267
2793,-59.5,600,0.02,timeout,267
2794,-78.83,600,0.02,timeout,267
2795,-62.53,600,0.02,timeout,267
2796,-75.21,600,0.02,timeout,267
2797,-62.28,600,0.02,timeout,267
2798,-59.04,74,0.02,enemy,267
2799,-53.24,600,0.02,timeout,267
2800,-58.0,600,0.02,timeout,267
2801,-55.04,600,0.02,timeout,267
2802,-63.77,600,0.02,timeout,267
2803,-68.04,600,0.02,timeout,267
2804,-70.86,600,0.02,timeout,267
2805,-52.64,600,0.02,timeout,267
2806,-61.55,600,0.02,timeout,267
2807,-63.05,600,0.02,timeout,267
2808,-34.0,600,0.02,timeout,267
2809,-70.27,600,0.02,timeout,267
2810,-53.8,600,0.02,timeout,267
2811,-43.83,600,0.02,timeout,267
2812,-131.3,600,0.02,timeout,267
2813,-83.53,600,0.02,timeout,267
2814,-38.6,600,0.02,timeout,267
2815,-43.37,600,0.02,timeout,267
2816,-75.7,600,0.02,timeout,267
2817,-66.55,600,0.02,timeout,267
2818,-73.45,600,0.02,timeout,267
2819,-64.05,600,0.02,timeout,267
2820,-69.79,600,0.02,timeout,267
2821,-61.68,600,0.02,timeout,267
2822,-63.4,600,0.02,timeout,267
2823,-62.04,600,0.02,timeout,267
2824,-62.85,600,0.02,timeout,267
2825,-78.53,600,0.02,timeout,267
2826,-75.51,600,0.02,timeout,267
2827,-67.22,600,0.02,timeout,267
2828,-75.8,600,0.02,timeout,267
2829,-66.4,600,0.02,timeout,267
2830,-67.35,600,0.02,timeout,267
2831,-61.44,600,0.02,timeout,267
2832,-65.25,600,0.02,timeout,267
2833,-63.24,600,0.02,timeout,267
2834,-60.94,600,0.02,timeout,267
2835,-78.14,600,0.02,timeout,267
2836,-137.52,566,0.02,enemy,267
2837,-61.74,600,0.02,timeout,267
2838,-58.91,600,0.02,timeout,267
2839,-34.75,600,0.02,timeout,267
2840,-40.55,600,0.02,timeout,267
2841,-46.73,600,0.02,timeout,267
2842,-62.27,600,0.02,timeout,267
2843,-64.0,600,0.02,timeout,267
2844,-52.74,600,0.02,timeout,267
2845,-57.55,600,0.02,timeout,267
2846,-62.25,600,0.02,timeout,267
2847,-60.96,600,0.02,timeout,267
2848,-41.15,600,0.02,timeout,267
2849,-54.4,600,0.02,timeout,267
2850,-71.07,161,0.02,enemy,267
2851,-61.95,600,0.02,timeout,267
2852,-60.75,600,0.02,timeout,267
2853,-60.95,600,0.02,timeout,267
2854,-82.32,600,0.02,timeout,267
2855,-38.12,600,0.02,timeout,267
2856,-56.93,600,0.02,timeout,267
2857,-62.85,600,0.02,timeout,267
2858,-59.8,600,0.02,timeout,267
2859,-55.05,600,0.02,timeout,267
2860,-65.64,600,0.02,timeout,267
2861,-47.32,600,0.02,timeout,267
2862,-62.1,600,0.02,timeout,267
2863,-50.31,600,0.02,timeout,267
2864,-55.06,600,0.02,timeout,267
2865,-55.78,600,0.02,timeout,267
2866,-67.45,600,0.02,timeout,267
2867,-73.43,600,0.02,timeout,267
2868,-69.58,600,0.02,timeout,267
2869,-63.15,600,0.02,timeout,267
2870,-77.84,600,0.02,timeout,267
2871,-47.81,600,0.02,timeout,267
2872,-67.55,600,0.02,timeout,267
2873,-59.55,600,0.02,timeout,267
2874,-62.64,600,0.02,timeout,267
2875,-71.76,171,0.02,enemy,267
2876,-79.7,600,0.02,timeout,267
2877,-66.9,600,0.02,timeout,267
2878,-70.7,600,0.02,timeout,267
2879,-67.63,600,0.02,timeout,267
2880,-60.6,600,0.02,timeout,267
2881,-66.75,600,0.02,timeout,267
2882,-58.38,600,0.02,timeout,267
2883,-71.64,600,0.02,timeout,267
2884,-60.77,600,0.02,timeout,267
2885,-61.04,600,0.02,timeout,267
2886,-59.48,600,0.02,timeout,267
2887,-67.44,600,0.02,timeout,267
2888,-64.68,600,0.02,timeout,267
2889,-62.55,600,0.02,timeout,267
2890,-73.73,600,0.02,timeout,267
2891,-65.11,600,0.02,timeout,267
2892,-67.8,600,0.02,timeout,267
2893,-80.38,600,0.02,timeout,267
2894,-93.45,600,0.02,timeout,267
2895,-82.75,600,0.02,timeout,267
2896,-78.75,600,0.02,timeout,267
2897,-68.34,600,0.02,timeout,267
2898,-80.28,600,0.02,timeout,267
2899,-59.64,600,0.02,timeout,267
2900,-61.58,600,0.02,timeout,267
2901,-71.04,600,0.02,timeout,267
2902,-114.87,410,0.02,enemy,267
2903,-77.0,600,0.02,timeout,267
2904,-64.6,600,0.02,timeout,267
2905,-75.1,600,0.02,timeout,267
2906,-61.88,600,0.02,timeout,267
2907,-60.17,600,0.02,timeout,267
2908,-52.23,600,0.02,timeout,267
2909,-60.5,600,0.02,timeout,267
2910,-51.43,600,0.02,timeout,267
2911,-83.65,600,0.02,timeout,267
2912,273.4,600,0.02,success,267
2913,-54.24,600,0.02,timeout,267
2914,-60.75,600,0.02,timeout,267
2915,-60.9,600,0.02,timeout,267
2916,-40.12,600,0.02,timeout,267
2917,-65.2,600,0.02,timeout,267
2918,-78.87,600,0.02,timeout,267
2919,-67.6,600,0.02,timeout,267
2920,-51.23,600,0.02,timeout,267
2921,-66.4,600,0.02,timeout,267
2922,-61.76,600,0.02,timeout,267
2923,-70.1,600,0.02,timeout,267
2924,-52.15,600,0.02,timeout,267
2925,-86.56,600,0.02,timeout,267
2926,-103.35,600,0.02,timeout,267
2927,-62.73,600,0.02,timeout,267
2928,-107.66,600,0.02,timeout,267
2929,-68.27,600,0.02,timeout,267
2930,-140.19,600,0.02,timeout,267
2931,-155.59,600,0.02,timeout,267
2932,-80.53,600,0.02,timeout,267
2933,-61.86,92,0.02,enemy,267
2934,-164.63,600,0.02,timeout,267
2935,-29.18,600,0.02,timeout,267
2936,-109.2,600,0.02,timeout,267
2937,-33.35,600,0.02,timeout,267
2938,-177.35,600,0.02,timeout,267
2939,-86.74,600,0.02,timeout,267
2940,-51.54,600,0.02,timeout,267
2941,-94.35,600,0.02,timeout,267
2942,-57.86,600,0.02,timeout,267
2943,-69.4,600,0.02,timeout,267
2944,-97.45,600,0.02,timeout,267
2945,-86.44,600,0.02,timeout,267
2946,-54.54,600,0.02,timeout,267
2947,-63.94,600,0.02,timeout,267
2948,-63.98,600,0.02,timeout,267
2949,-161.89,600,0.02,timeout,267
2950,-139.35,600,0.02,timeout,267
2951,-102.03,600,0.02,timeout,267
2952,-57.75,600,0.02,timeout,267
2953,-49.85,600,0.02,timeout,267
2954,-261.26,600,0.02,timeout,267
2955,-98.34,600,0.02,timeout,267
2956,-70.15,600,0.02,timeout,267
2957,-64.05,600,0.02,timeout,267
2958,-72.55,600,0.02,timeout,267
2959,-62.55,600,0.02,timeout,267
2960,-75.8,600,0.02,timeout,267
2961,-73.45,600,0.02,timeout,267
2962,-68.21,600,0.02,timeout,267
2963,-316.55,600,0.02,timeout,270
2964,-58.6,600,0.02,timeout,270
2965,-50.85,600,0.02,timeout,270
2966,-74.75,600,0.02,timeout,270
2967,-41.23,600,0.02,timeout,270
2968,-41.43,600,0.02,timeout,270
2969,-56.6,600,0.02,timeout,270
2970,-364.8,600,0.02,timeout,270
2971,-52.03,600,0.02,timeout,270
2972,-41.73,600,0.02,timeout,270
2973,-32.24,600,0.02,timeout,270
2974,-42.84,600,0.02,timeout,270
2975,-42.42,600,0.02,timeout,270
2976,-38.48,600,0.02,timeout,270
2977,-68.0,600,0.02,timeout,270
2978,-71.45,600,0.02,timeout,270
2979,-62.04,600,0.02,timeout,270
2980,-51.54,600,0.02,timeout,270
2981,-54.13,600,0.02,timeout,270
2982,-90.95,600,0.02,timeout,270
2983,-53.73,600,0.02,timeout,270
2984,-45.51,600,0.02,timeout,270
2985,-81.0,600,0.02,timeout,270
2986,-80.65,600,0.02,timeout,270
2987,-96.94,600,0.02,timeout,270
2988,-77.26,600,0.02,timeout,270
2989,-51.04,600,0.02,timeout,270
2990,-65.73,600,0.02,timeout,270
2991,-76.55,600,0.02,timeout,270
2992,-66.95,162,0.02,enemy,270
2993,-58.57,600,0.02,timeout,270
2994,-130.55,467,0.02,enemy,270
2995,-55.9,600,0.02,timeout,270
2996,-58.63,600,0.02,timeout,270
2997,-71.57,600,0.02,timeout,270
2998,-63.68,600,0.02,timeout,270
2999,-45.63,600,0.02,timeout,270
3000,-66.85,600,0.02,timeout,270
